"","Mean","Median","Mode","ESS","HDImass","HDIlow","HDIhigh","CompVal","PcntGtCompVal","ROPElow","ROPEhigh","PcntLtROPE","PcntInROPE","PcntGtROPE"
"omega",0.957595005112815,0.957530111409598,0.957946236337628,20417.9,0.95,0.950246744097166,0.965214489294487,0.5,100,NA,NA,NA,NA,NA
"kappa",121.834406829706,119.145073361435,112.423456740113,20000,0.95,66.0237541798997,182.968853831048,NA,NA,NA,NA,NA,NA,NA
"theta[1]",0.964383846227212,0.964463861985062,0.96503986679561,20000,0.95,0.95894605947752,0.969513229811814,0.5,100,NA,NA,NA,NA,NA
"theta[2]",0.954005016090957,0.95406287487865,0.953960899727721,20000,0.95,0.948153636847938,0.960000762916148,0.5,100,NA,NA,NA,NA,NA
"theta[3]",0.943594309371678,0.94365046540379,0.943752975989465,19551.3,0.95,0.936647412163621,0.950651886421129,0.5,100,NA,NA,NA,NA,NA
"theta[4]",0.953378842090503,0.95345058722348,0.953784332267748,20000,0.95,0.946772760068447,0.959612115724188,0.5,100,NA,NA,NA,NA,NA
"theta[5]",0.95702912848991,0.957089071388471,0.957098769503706,20000,0.95,0.951069244345247,0.962637645351713,0.5,100,NA,NA,NA,NA,NA
"theta[6]",0.960425575132094,0.960479232655664,0.960336650475277,20892.9,0.95,0.954970040821693,0.966002950599858,0.5,100,NA,NA,NA,NA,NA
"theta[7]",0.968132671161145,0.968190794732812,0.968281640746716,20000,0.95,0.963373633514465,0.972945807853201,0.5,100,NA,NA,NA,NA,NA
"theta[8]",0.959963831971717,0.960014257896006,0.959996640634908,20000,0.95,0.95476313021094,0.965282995545849,0.5,100,NA,NA,NA,NA,NA
"theta[9]",0.950002626670246,0.95007222732575,0.949795048015033,19958.3,0.95,0.944022693146711,0.95585964408742,0.5,100,NA,NA,NA,NA,NA
"theta[10]",0.955933189050189,0.956010299120004,0.956315088415796,20000,0.95,0.949963018135948,0.961947061709463,0.5,100,NA,NA,NA,NA,NA
"theta[11]",0.953730765054681,0.953806227118638,0.953789611415797,20000,0.95,0.94748842772785,0.95980639161528,0.5,100,NA,NA,NA,NA,NA
"theta[12]",0.955682966939453,0.955735252244218,0.955613459162192,20000,0.95,0.949899303003618,0.961675160136881,0.5,100,NA,NA,NA,NA,NA
"theta[13]",0.948104497263745,0.94813246181794,0.947842844401641,20000,0.95,0.941841416781881,0.954585516064223,0.5,100,NA,NA,NA,NA,NA
"theta[14]",0.944806612448292,0.944877957180558,0.945045083801144,20000,0.95,0.938113434652992,0.951205676686061,0.5,100,NA,NA,NA,NA,NA
"theta[15]",0.942952947238959,0.942993755876957,0.94291836151884,20000,0.95,0.936781952704177,0.948986416951382,0.5,100,NA,NA,NA,NA,NA
"theta[16]",0.956445084670543,0.956513136119439,0.956804975067088,20574.9,0.95,0.950525242626139,0.962343478788836,0.5,100,NA,NA,NA,NA,NA
"theta[17]",0.954085163922966,0.954139510042431,0.954075656412593,20000,0.95,0.94819391006883,0.960052055821456,0.5,100,NA,NA,NA,NA,NA
"theta[18]",0.963743931591444,0.963796335656742,0.963406813433143,21192,0.95,0.958700450577181,0.968837944727317,0.5,100,NA,NA,NA,NA,NA
"theta[19]",0.953262549059221,0.953308595442108,0.95344649332884,20000,0.95,0.947747817836317,0.958760187824027,0.5,100,NA,NA,NA,NA,NA
"theta[20]",0.936601890703131,0.936664285133998,0.937245122858126,20000,0.95,0.930352352934066,0.943031213129987,0.5,100,NA,NA,NA,NA,NA
"theta[21]",0.940985279374521,0.941036000752108,0.941005377953948,20157.7,0.95,0.934377763030936,0.947745846090949,0.5,100,NA,NA,NA,NA,NA
"theta[22]",0.963500903024099,0.963550065850317,0.963488226064505,20000,0.95,0.95837450028278,0.968633043648035,0.5,100,NA,NA,NA,NA,NA
"theta[23]",0.95461758766066,0.954678166376228,0.954613761946843,20000,0.95,0.948868207096825,0.96033907288365,0.5,100,NA,NA,NA,NA,NA
"theta[24]",0.959665850859335,0.959698195737459,0.959680116422497,20556,0.95,0.953825736413635,0.965555268342101,0.5,100,NA,NA,NA,NA,NA
"theta[25]",0.942908586260638,0.942959959860278,0.943722854069486,20144.2,0.95,0.935605793170832,0.950059077070855,0.5,100,NA,NA,NA,NA,NA
"theta[26]",0.948309896979797,0.948362993045896,0.949133212621972,19350.7,0.95,0.941862351259161,0.954711289602144,0.5,100,NA,NA,NA,NA,NA
"theta[27]",0.955337395383916,0.955395389288499,0.955552912237462,20000,0.95,0.949278189759122,0.960967563411948,0.5,100,NA,NA,NA,NA,NA
"theta[28]",0.944295180463726,0.944343536826344,0.944412816512482,20000,0.95,0.937665041613255,0.950872543788287,0.5,100,NA,NA,NA,NA,NA
"theta[29]",0.937100050267191,0.937145343660423,0.936783427134438,20000,0.95,0.929926164154194,0.943852769438504,0.5,100,NA,NA,NA,NA,NA
"theta[30]",0.962555997166421,0.962640152933186,0.962463210383867,20000,0.95,0.956740088770679,0.968003071054792,0.5,100,NA,NA,NA,NA,NA
"theta[31]",0.959552679614576,0.959691287115684,0.95975645761045,20000,0.95,0.951344112280781,0.967549534748505,0.5,100,NA,NA,NA,NA,NA
"theta[1]-theta[2]",0.0103788301362554,0.0104082772206356,0.0105156124221746,20000,0.95,0.00249415813154508,0.0184429968198916,0,99.44,NA,NA,NA,NA,NA
"theta[1]-theta[3]",0.0207895368555345,0.020819414762683,0.0209215580610674,19276.4,0.95,0.0121404765277942,0.0297221130104816,0,100,NA,NA,NA,NA,NA
"theta[1]-theta[4]",0.011005004136709,0.010953581804459,0.010845020629314,19028.8,0.95,0.00273712716855468,0.0195450636409851,0,99.525,NA,NA,NA,NA,NA
"theta[1]-theta[5]",0.0073547177373025,0.00733782784108356,0.00774484945959903,20000,0.95,-0.000205234829707579,0.0154765859802856,0,96.805,NA,NA,NA,NA,NA
"theta[1]-theta[6]",0.00395827109511829,0.00395195758676858,0.00332536080731323,20000,0.95,-0.00394732193364478,0.0112836966362034,0,84.38,NA,NA,NA,NA,NA
"theta[1]-theta[7]",-0.00374882493393307,-0.00372698983276509,-0.00368203392495655,20000,0.95,-0.0109808547884228,0.00361443517994275,0,15.495,NA,NA,NA,NA,NA
"theta[1]-theta[8]",0.00442001425549496,0.00444662879722968,0.00468895578967018,20000,0.95,-0.00285787968111639,0.0121804929437324,0,87.2,NA,NA,NA,NA,NA
"theta[1]-theta[9]",0.0143812195569664,0.0143734831638174,0.014218232168062,20000,0.95,0.00637230545005218,0.0222632807351165,0,99.96,NA,NA,NA,NA,NA
"theta[1]-theta[10]",0.00845065717702281,0.00846061772844181,0.00902480772553733,20000,0.95,0.000703531720067985,0.01673879971051,0,97.965,NA,NA,NA,NA,NA
"theta[1]-theta[11]",0.0106530811725306,0.010683563544054,0.0109397223799521,20000,0.95,0.00246160335837831,0.0188669591504868,0,99.475,NA,NA,NA,NA,NA
"theta[1]-theta[12]",0.00870087928775934,0.00871405521236568,0.00886234239191111,20000,0.95,0.000743463016422363,0.016578079166073,0,98.47,NA,NA,NA,NA,NA
"theta[1]-theta[13]",0.0162793489634675,0.0162627232986222,0.0163320504570491,20000,0.95,0.00771501858940082,0.0245226555515673,0,99.995,NA,NA,NA,NA,NA
"theta[1]-theta[14]",0.0195772337789201,0.0195497935444164,0.0196134292824546,20000,0.95,0.0111132568575528,0.0279391888105462,0,100,NA,NA,NA,NA,NA
"theta[1]-theta[15]",0.0214308989882536,0.021473222684727,0.0220973653006899,19065.9,0.95,0.0132752467613695,0.0295304848163108,0,100,NA,NA,NA,NA,NA
"theta[1]-theta[16]",0.00793876155666894,0.00791279568769598,0.00781326656888967,20602.9,0.95,0.000140337333311535,0.0159845360263342,0,97.52,NA,NA,NA,NA,NA
"theta[1]-theta[17]",0.0102986823042456,0.0103057454777853,0.0104416270063941,20000,0.95,0.00223558041441507,0.0181671406413405,0,99.455,NA,NA,NA,NA,NA
"theta[1]-theta[18]",0.000639914635767668,0.000632105682048689,0.00084805776963412,20000,0.95,-0.00669026566210584,0.0081269175972627,0,56.665,NA,NA,NA,NA,NA
"theta[1]-theta[19]",0.0111212971679912,0.0111304390055189,0.0107917941351537,20000,0.95,0.00355281460418411,0.0188391104825815,0,99.67,NA,NA,NA,NA,NA
"theta[1]-theta[20]",0.0277819555240812,0.0277765966609681,0.0275739438627317,20426.9,0.95,0.019430189876295,0.0360461767774687,0,100,NA,NA,NA,NA,NA
"theta[1]-theta[21]",0.0233985668526909,0.0233562350020331,0.0233128856840714,19991.4,0.95,0.0151285325524583,0.0320975381332697,0,100,NA,NA,NA,NA,NA
"theta[1]-theta[22]",0.00088294320311263,0.00086658574743137,0.00101807694050013,20000,0.95,-0.00662014149604784,0.00806964051748049,0,59.16,NA,NA,NA,NA,NA
"theta[1]-theta[23]",0.00976625856655189,0.00979239754954303,0.00985946988193542,20000,0.95,0.00175039365593987,0.0175983021036231,0,99.1,NA,NA,NA,NA,NA
"theta[1]-theta[24]",0.00471799536787707,0.00475198414860856,0.00507923720708714,20000,0.95,-0.00316936248973398,0.012664845548614,0,87.73,NA,NA,NA,NA,NA
"theta[1]-theta[25]",0.0214752599665743,0.021482650310107,0.021405618770329,19521.3,0.95,0.012476079671117,0.0304090590531262,0,100,NA,NA,NA,NA,NA
"theta[1]-theta[26]",0.016073949247415,0.0160140290452769,0.0156418237203977,20000,0.95,0.00785119543290602,0.024515692446878,0,99.995,NA,NA,NA,NA,NA
"theta[1]-theta[27]",0.00904645084329569,0.00901525278789378,0.00860488824572323,20655.7,0.95,0.00116643080143841,0.0169982445991548,0,98.72,NA,NA,NA,NA,NA
"theta[1]-theta[28]",0.0200886657634858,0.0201127466730296,0.0208993876014543,20000,0.95,0.0117617597464701,0.028769497566939,0,100,NA,NA,NA,NA,NA
"theta[1]-theta[29]",0.0272837959600211,0.0272938740408743,0.027578866904956,20000,0.95,0.0184130867796756,0.0361213407545146,0,100,NA,NA,NA,NA,NA
"theta[1]-theta[30]",0.00182784906079058,0.00182269081347325,0.00197347056180179,20473.2,0.95,-0.00597969587909519,0.00960867558670753,0,67.645,NA,NA,NA,NA,NA
"theta[1]-theta[31]",0.0048311666126364,0.00472452394782702,0.00413512166340664,20000,0.95,-0.00475490721243266,0.0146372774742198,0,83.405,NA,NA,NA,NA,NA
"theta[2]-theta[3]",0.0104107067192792,0.0104020053724629,0.0100940669045882,20000,0.95,0.00139848726929048,0.0197694868168997,0,98.715,NA,NA,NA,NA,NA
"theta[2]-theta[4]",0.000626174000453618,0.000621870821229054,0.000743755146897073,20000,0.95,-0.00844477283883971,0.00917994845284498,0,55.38,NA,NA,NA,NA,NA
"theta[2]-theta[5]",-0.00302411239895286,-0.00303393931225959,-0.00283290527536272,20387.3,0.95,-0.011520376591338,0.00520293378507741,0,23.54,NA,NA,NA,NA,NA
"theta[2]-theta[6]",-0.00642055904113707,-0.00642982620140664,-0.00649792654791621,20000,0.95,-0.0147715399606976,0.00133982435476898,0,5.85,NA,NA,NA,NA,NA
"theta[2]-theta[7]",-0.0141276550701884,-0.0141295983880617,-0.0144900889841945,19429.4,0.95,-0.0219782157752316,-0.00674279996789118,0,0.025,NA,NA,NA,NA,NA
"theta[2]-theta[8]",-0.0059588158807604,-0.00591203029169812,-0.00543208984901168,20000,0.95,-0.0135732154039349,0.00225093048485536,0,6.845,NA,NA,NA,NA,NA
"theta[2]-theta[9]",0.00400238942071104,0.00398916439433433,0.00384114744275699,19464.5,0.95,-0.00411808463390562,0.0125844319646411,0,82.82,NA,NA,NA,NA,NA
"theta[2]-theta[10]",-0.00192817295923255,-0.00191628033524405,-0.00166652460986924,20000,0.95,-0.0104509834625287,0.00629905062832892,0,32.41,NA,NA,NA,NA,NA
"theta[2]-theta[11]",0.000274251036275233,0.00026397978934084,8.90981689370511e-05,20000,0.95,-0.00807903758346906,0.00880869806223383,0,52.4,NA,NA,NA,NA,NA
"theta[2]-theta[12]",-0.00167795084849602,-0.00167028101942834,-0.00154670494138264,20511,0.95,-0.01012345937874,0.00663356802334247,0,34.765,NA,NA,NA,NA,NA
"theta[2]-theta[13]",0.00590051882721214,0.00588447408016968,0.00571426081582675,20000,0.95,-0.0025743261541461,0.014902523917806,0,90.955,NA,NA,NA,NA,NA
"theta[2]-theta[14]",0.00919840364266471,0.00919848705421061,0.00934358712912348,20000,0.95,0.000559213037106598,0.0183078975086094,0,97.945,NA,NA,NA,NA,NA
"theta[2]-theta[15]",0.0110520688519982,0.0110497059853356,0.0115730064019094,20000,0.95,0.00264678057876866,0.0194026365916919,0,99.53,NA,NA,NA,NA,NA
"theta[2]-theta[16]",-0.00244006857958642,-0.00244670042257666,-0.00253345291313525,20000,0.95,-0.0105624935959967,0.00605760949308709,0,28.335,NA,NA,NA,NA,NA
"theta[2]-theta[17]",-8.01478320097477e-05,-8.70577063056266e-05,-0.000763062269001448,20000,0.95,-0.0087453457218668,0.00824438973831998,0,49.205,NA,NA,NA,NA,NA
"theta[2]-theta[18]",-0.00973891550048769,-0.00973345039857376,-0.00968593239136931,21556.3,0.95,-0.0173633007563575,-0.00170283256010018,0,0.75,NA,NA,NA,NA,NA
"theta[2]-theta[19]",0.000742467031735872,0.000719589932663078,0.000112355687890815,20000,0.95,-0.00734067573957509,0.00867972384509796,0,57.165,NA,NA,NA,NA,NA
"theta[2]-theta[20]",0.0174031253878258,0.0174090849032117,0.017444223674558,20000,0.95,0.00875545441768955,0.0261729984613768,0,99.995,NA,NA,NA,NA,NA
"theta[2]-theta[21]",0.0130197367164355,0.0130820156796647,0.0138395642028561,20000,0.95,0.00426255996779312,0.0220636412757091,0,99.775,NA,NA,NA,NA,NA
"theta[2]-theta[22]",-0.00949588693314273,-0.00950931840301988,-0.00953892697820213,20541.8,0.95,-0.0174057477165497,-0.00176934229572046,0,0.87,NA,NA,NA,NA,NA
"theta[2]-theta[23]",-0.000612571569703469,-0.00063095143576658,-0.000737526596487927,20000,0.95,-0.00906449832970024,0.00747725390960197,0,44.215,NA,NA,NA,NA,NA
"theta[2]-theta[24]",-0.00566083476837829,-0.00567931738786143,-0.00591979696068324,20460,0.95,-0.0142278673615284,0.00236349373899059,0,9.32,NA,NA,NA,NA,NA
"theta[2]-theta[25]",0.0110964298303189,0.0111110318714683,0.0109651633786225,19938.2,0.95,0.00174611546838899,0.0204663127673866,0,98.955,NA,NA,NA,NA,NA
"theta[2]-theta[26]",0.00569511911115961,0.00569039534147125,0.00567078084720155,19737.3,0.95,-0.00297143283539902,0.0145464125298133,0,89.96,NA,NA,NA,NA,NA
"theta[2]-theta[27]",-0.00133237929295967,-0.00134670842873957,-0.00170045207373849,20000,0.95,-0.00955381640008701,0.00707083529393993,0,37.775,NA,NA,NA,NA,NA
"theta[2]-theta[28]",0.00970983562723043,0.0096954525020802,0.0095634421391475,20000,0.95,0.000720301773757592,0.0184910375135624,0,98.38,NA,NA,NA,NA,NA
"theta[2]-theta[29]",0.0169049658237657,0.0168958846149063,0.0166180130143444,20000,0.95,0.00792915368590374,0.0260863485736367,0,99.97,NA,NA,NA,NA,NA
"theta[2]-theta[30]",-0.00855098107546478,-0.00861717186996303,-0.00920211223339126,20000,0.95,-0.0166222275179284,-0.000241201658476742,0,2.12,NA,NA,NA,NA,NA
"theta[2]-theta[31]",-0.00554766352361896,-0.00561151242771718,-0.00546923285817239,20000,0.95,-0.0156741400847389,0.00428265630665869,0,13.665,NA,NA,NA,NA,NA
"theta[3]-theta[4]",-0.00978453271882556,-0.00978379898475373,-0.00978328046699981,20000,0.95,-0.0195183994286464,-0.000548293768616093,0,2.3,NA,NA,NA,NA,NA
"theta[3]-theta[5]",-0.013434819118232,-0.0133987608793734,-0.0131550986167362,20000,0.95,-0.0224857467613594,-0.00444565142181974,0,0.155,NA,NA,NA,NA,NA
"theta[3]-theta[6]",-0.0168312657604163,-0.0167676510460315,-0.0165591389326639,20000,0.95,-0.025726627149365,-0.00787837964299543,0,0.005,NA,NA,NA,NA,NA
"theta[3]-theta[7]",-0.0245383617894676,-0.024529626609771,-0.0237051215011005,20000,0.95,-0.0332225663920894,-0.0161915915056564,0,0,NA,NA,NA,NA,NA
"theta[3]-theta[8]",-0.0163695226000396,-0.0163861896727051,-0.0167461585951616,19473,0.95,-0.0253234688232536,-0.00776537043855297,0,0.005,NA,NA,NA,NA,NA
"theta[3]-theta[9]",-0.00640831729856814,-0.00639220704916943,-0.00609583265035804,20000,0.95,-0.0153758139444271,0.00298695487321055,0,8.85,NA,NA,NA,NA,NA
"theta[3]-theta[10]",-0.0123388796785117,-0.0123401001899756,-0.0126199677206469,19403.8,0.95,-0.0216795177970268,-0.00320497140306553,0,0.47,NA,NA,NA,NA,NA
"theta[3]-theta[11]",-0.0101364556830039,-0.01011745971269,-0.0102422645234284,20000,0.95,-0.0196609098822849,-0.000891745181154091,0,1.765,NA,NA,NA,NA,NA
"theta[3]-theta[12]",-0.0120886575677752,-0.0120889566709931,-0.0121630732590708,20000,0.95,-0.021497595550667,-0.00322076465074994,0,0.475,NA,NA,NA,NA,NA
"theta[3]-theta[13]",-0.00451018789206704,-0.00451510999357446,-0.00505395552754505,20064.5,0.95,-0.0141731271047867,0.0047729932455004,0,17.455,NA,NA,NA,NA,NA
"theta[3]-theta[14]",-0.00121230307661447,-0.00119212134795682,-0.00118637843973993,19391.2,0.95,-0.0105371380976179,0.0087389938489244,0,40.535,NA,NA,NA,NA,NA
"theta[3]-theta[15]",0.000641362132719022,0.000630937425384115,0.000335299269701675,20000,0.95,-0.00846404422883273,0.00999235839932877,0,55.42,NA,NA,NA,NA,NA
"theta[3]-theta[16]",-0.0128507752988656,-0.0128365433986313,-0.0123586888513108,20173.5,0.95,-0.0221202639816095,-0.00376885269602745,0,0.26,NA,NA,NA,NA,NA
"theta[3]-theta[17]",-0.0104908545512889,-0.0104704027649221,-0.00999722703662452,19405.2,0.95,-0.0194186201780768,-0.00121365066875656,0,1.195,NA,NA,NA,NA,NA
"theta[3]-theta[18]",-0.0201496222197669,-0.0201457349407604,-0.020544553278514,20000,0.95,-0.0289200561719856,-0.0115530091821788,0,0,NA,NA,NA,NA,NA
"theta[3]-theta[19]",-0.00966823968754331,-0.00965885769076752,-0.00945708607415224,19486.5,0.95,-0.0184264113777267,-0.000766202608969202,0,1.485,NA,NA,NA,NA,NA
"theta[3]-theta[20]",0.00699241866854666,0.00694159804077332,0.00652524263054859,20000,0.95,-0.00270705551929962,0.0164344452624501,0,92.555,NA,NA,NA,NA,NA
"theta[3]-theta[21]",0.00260902999715631,0.00261370275283662,0.00252906761941991,19194.5,0.95,-0.00689306361966369,0.0123975653915084,0,69.975,NA,NA,NA,NA,NA
"theta[3]-theta[22]",-0.0199065936524219,-0.0198800977009733,-0.0194923365728685,19825.6,0.95,-0.028427528724803,-0.0112304895204013,0,0,NA,NA,NA,NA,NA
"theta[3]-theta[23]",-0.0110232782889826,-0.0110504352933822,-0.0112776714584018,20000,0.95,-0.0203178049562374,-0.00208942774529042,0,0.875,NA,NA,NA,NA,NA
"theta[3]-theta[24]",-0.0160715414876575,-0.0160816959330031,-0.0164267392189757,19190.7,0.95,-0.0252184610067286,-0.0068802491982084,0,0.05,NA,NA,NA,NA,NA
"theta[3]-theta[25]",0.000685723111039715,0.000709347923353809,0.000484031425092263,20290,0.95,-0.00947086318862322,0.010716204676797,0,55.62,NA,NA,NA,NA,NA
"theta[3]-theta[26]",-0.00471558760811957,-0.00473815382194337,-0.00554075586230443,20000,0.95,-0.0145023267433568,0.00468436215862111,0,16.61,NA,NA,NA,NA,NA
"theta[3]-theta[27]",-0.0117430860122389,-0.0116834468363833,-0.0113385474990613,19585.7,0.95,-0.0207682511756598,-0.00242077545289499,0,0.575,NA,NA,NA,NA,NA
"theta[3]-theta[28]",-0.000700871092048753,-0.000685887032464694,-0.000538051652294494,20000,0.95,-0.0102013549549594,0.00888793825464784,0,44.355,NA,NA,NA,NA,NA
"theta[3]-theta[29]",0.00649425910448653,0.00648361413713472,0.00638709318087687,20000,0.95,-0.00304994345062159,0.0169083550465888,0,90.03,NA,NA,NA,NA,NA
"theta[3]-theta[30]",-0.018961687794744,-0.0189465518063514,-0.0187125428430512,20000,0.95,-0.0280051119527261,-0.0100692952805987,0,0,NA,NA,NA,NA,NA
"theta[3]-theta[31]",-0.0159583702428981,-0.0160018028718048,-0.0160315795088547,20000,0.95,-0.0270428301227861,-0.00564552763461679,0,0.195,NA,NA,NA,NA,NA
"theta[4]-theta[5]",-0.00365028639940647,-0.00358056818423369,-0.00307081046039243,19356.3,0.95,-0.0121720057096377,0.00518121613823375,0,20.085,NA,NA,NA,NA,NA
"theta[4]-theta[6]",-0.00704673304159069,-0.00704399363379421,-0.0072551104275192,20000,0.95,-0.0152981145974358,0.00163887413146124,0,5.085,NA,NA,NA,NA,NA
"theta[4]-theta[7]",-0.0147538290706421,-0.0146951997112724,-0.0144696951754005,20000,0.95,-0.0229771264068047,-0.00696569783948453,0,0.015,NA,NA,NA,NA,NA
"theta[4]-theta[8]",-0.00658498988121402,-0.00655843389994826,-0.00697242024797817,19068.5,0.95,-0.0148416141447414,0.0016762224740533,0,5.92,NA,NA,NA,NA,NA
"theta[4]-theta[9]",0.00337621542025742,0.00337166670227673,0.00347619289043944,20000,0.95,-0.00555109307026058,0.0118526152502993,0,77.6,NA,NA,NA,NA,NA
"theta[4]-theta[10]",-0.00255434695968617,-0.00250547504099435,-0.00203872929567649,20000,0.95,-0.011556730701622,0.00600029092991772,0,28.19,NA,NA,NA,NA,NA
"theta[4]-theta[11]",-0.000351922964178385,-0.000354121223311299,-7.25444089343698e-05,20415.2,0.95,-0.00925810323014553,0.00848878557864852,0,46.845,NA,NA,NA,NA,NA
"theta[4]-theta[12]",-0.00230412484894964,-0.0022890781635268,-0.0017373030452019,20000,0.95,-0.0110027782206268,0.0063579601604693,0,30.125,NA,NA,NA,NA,NA
"theta[4]-theta[13]",0.00527434482675852,0.00527380530530475,0.00471326834049001,20000,0.95,-0.0036648389855356,0.0143827918628003,0,87.185,NA,NA,NA,NA,NA
"theta[4]-theta[14]",0.0085722296422111,0.00856496171470295,0.00868833167875706,20432.8,0.95,-0.000946081330899129,0.0173130956735063,0,96.53,NA,NA,NA,NA,NA
"theta[4]-theta[15]",0.0104258948515446,0.0104496974287617,0.0105493799530039,20000,0.95,0.00161256529520692,0.0192847529603966,0,98.915,NA,NA,NA,NA,NA
"theta[4]-theta[16]",-0.00306624258004004,-0.00308035350159569,-0.00314804077285049,20000,0.95,-0.0120154031033783,0.0054873386159402,0,24.48,NA,NA,NA,NA,NA
"theta[4]-theta[17]",-0.000706321832463365,-0.000675777996191451,-0.000414105638383632,18854,0.95,-0.00953732995221057,0.00789955960559363,0,43.775,NA,NA,NA,NA,NA
"theta[4]-theta[18]",-0.0103650895009413,-0.0103507236743078,-0.0105895573876049,20000,0.95,-0.0184963516221943,-0.00221794025754973,0,0.555,NA,NA,NA,NA,NA
"theta[4]-theta[19]",0.000116293031282254,8.66015242808604e-05,-0.000386567048466898,20000,0.95,-0.00837494818026641,0.00849281580486372,0,50.755,NA,NA,NA,NA,NA
"theta[4]-theta[20]",0.0167769513873722,0.0167840759956915,0.0160124670586498,20000,0.95,0.00767312833952716,0.0258837768239488,0,99.99,NA,NA,NA,NA,NA
"theta[4]-theta[21]",0.0123935627159819,0.0123741622761954,0.0122581542795645,20537.7,0.95,0.00314980046645241,0.0216431724971973,0,99.5,NA,NA,NA,NA,NA
"theta[4]-theta[22]",-0.0101220609335963,-0.0101135139852518,-0.0101579156730491,20000,0.95,-0.0180348182364081,-0.00147094019729122,0,0.855,NA,NA,NA,NA,NA
"theta[4]-theta[23]",-0.00123874557015709,-0.00118446958699386,-0.000293294872564551,20000,0.95,-0.00980235432035836,0.00734740737078865,0,39.695,NA,NA,NA,NA,NA
"theta[4]-theta[24]",-0.00628700876883191,-0.00629568930070179,-0.0065855425475323,20000,0.95,-0.0151576915567985,0.00210801991665532,0,7.655,NA,NA,NA,NA,NA
"theta[4]-theta[25]",0.0104702558298653,0.0104679946435606,0.0102447556660423,19470.8,0.95,0.0010668117627719,0.0205295672197559,0,98.175,NA,NA,NA,NA,NA
"theta[4]-theta[26]",0.00506894511070599,0.00506073847188715,0.00517561521120655,20000,0.95,-0.0038270958377864,0.0142293162267854,0,86.19,NA,NA,NA,NA,NA
"theta[4]-theta[27]",-0.00195855329341329,-0.00193271137188222,-0.00187120276669615,20000,0.95,-0.0104021025542723,0.00698047782314559,0,33.175,NA,NA,NA,NA,NA
"theta[4]-theta[28]",0.00908366162677681,0.00907881362858026,0.0091638781591226,20000,0.95,-0.00035206414216471,0.0183939210070366,0,97.14,NA,NA,NA,NA,NA
"theta[4]-theta[29]",0.0162787918233121,0.016244335260337,0.0159950040816214,20467.6,0.95,0.00659078237566013,0.0256489767151106,0,99.97,NA,NA,NA,NA,NA
"theta[4]-theta[30]",-0.0091771550759184,-0.00923024713382686,-0.00951829520520279,20000,0.95,-0.0178368803633854,-0.000776510486470094,0,1.835,NA,NA,NA,NA,NA
"theta[4]-theta[31]",-0.00617383752407258,-0.00621663826532209,-0.00595439217560083,20000,0.95,-0.0163863439600248,0.00426249557539715,0,12.265,NA,NA,NA,NA,NA
"theta[5]-theta[6]",-0.00339644664218422,-0.00337414217590831,-0.00334156458707128,20000,0.95,-0.011379555557864,0.00462113253167118,0,20.505,NA,NA,NA,NA,NA
"theta[5]-theta[7]",-0.0111035426712356,-0.0110801239088545,-0.0113188229897443,20000,0.95,-0.018514269041971,-0.00348498552414989,0,0.155,NA,NA,NA,NA,NA
"theta[5]-theta[8]",-0.00293470348180755,-0.00288446557090366,-0.00280242358045897,19763,0.95,-0.0108248527027626,0.00468129184324995,0,23.035,NA,NA,NA,NA,NA
"theta[5]-theta[9]",0.0070265018196639,0.00700026260831088,0.00664148609395024,20000,0.95,-0.00123750747717744,0.0152527470530182,0,95.325,NA,NA,NA,NA,NA
"theta[5]-theta[10]",0.00109593943972031,0.00107793893198532,0.000804121606739597,20000,0.95,-0.00707496619600079,0.00965101050763595,0,60.285,NA,NA,NA,NA,NA
"theta[5]-theta[11]",0.00329836343522809,0.00328107354269841,0.00292303757083948,20000,0.95,-0.00534184727280662,0.0117954393348563,0,77.34,NA,NA,NA,NA,NA
"theta[5]-theta[12]",0.00134616155045684,0.00132722991850592,0.00121918824325719,20000,0.95,-0.00692745947799023,0.00961643509557275,0,62.425,NA,NA,NA,NA,NA
"theta[5]-theta[13]",0.008924631226165,0.00894022426210178,0.00911001286898225,20000,0.95,0.000157666903170317,0.0173884651975448,0,97.83,NA,NA,NA,NA,NA
"theta[5]-theta[14]",0.0122225160416176,0.0121873748320265,0.0119473835225585,20000,0.95,0.00362336270161512,0.0210982381941814,0,99.765,NA,NA,NA,NA,NA
"theta[5]-theta[15]",0.0140761812509511,0.0140697447958613,0.0138810923028408,20000,0.95,0.00575904424503138,0.0224565369462395,0,99.98,NA,NA,NA,NA,NA
"theta[5]-theta[16]",0.000584043819366436,0.000568751380408461,-0.000130915958148271,20000,0.95,-0.00755198870256424,0.00899922232393557,0,55.295,NA,NA,NA,NA,NA
"theta[5]-theta[17]",0.00294396456694311,0.00293180038430019,0.00239026846347397,20000,0.95,-0.00540664467430252,0.0111170854580456,0,76.01,NA,NA,NA,NA,NA
"theta[5]-theta[18]",-0.00671480310153484,-0.00675346479847211,-0.00747952459426751,20000,0.95,-0.0145845662750358,0.000930793162485344,0,4.44,NA,NA,NA,NA,NA
"theta[5]-theta[19]",0.00376657943068873,0.00381463368687618,0.00425745846460584,20000,0.95,-0.00448993721458713,0.0113471801934393,0,82.21,NA,NA,NA,NA,NA
"theta[5]-theta[20]",0.0204272377867787,0.0204253356089258,0.0203624984891947,20000,0.95,0.0118825246823231,0.0290755188372819,0,100,NA,NA,NA,NA,NA
"theta[5]-theta[21]",0.0160438491153884,0.0160442896194218,0.0155805649017355,20429.6,0.95,0.0074106887001123,0.0248643607523055,0,99.985,NA,NA,NA,NA,NA
"theta[5]-theta[22]",-0.00647177453418988,-0.00648257872764674,-0.00708948178480838,20000,0.95,-0.0140646039943977,0.00128572558265561,0,5.015,NA,NA,NA,NA,NA
"theta[5]-theta[23]",0.00241154082924939,0.00239500508963714,0.00173146874812335,20000,0.95,-0.00587820568404906,0.0105093108483473,0,71.84,NA,NA,NA,NA,NA
"theta[5]-theta[24]",-0.00263672236942543,-0.0026196346232219,-0.00215190362393668,20000,0.95,-0.0112232291174591,0.00548271204575967,0,26.595,NA,NA,NA,NA,NA
"theta[5]-theta[25]",0.0141205422292718,0.0141028478217554,0.0137941134437962,19390.3,0.95,0.0047232483204418,0.0233394269204713,0,99.86,NA,NA,NA,NA,NA
"theta[5]-theta[26]",0.00871923151011246,0.00869707497819561,0.00823704913716622,20000,0.95,7.88206374950917e-05,0.0170261345938909,0,97.82,NA,NA,NA,NA,NA
"theta[5]-theta[27]",0.00169173310599318,0.00170299953259501,0.00129734899003478,20000,0.95,-0.00675891111675486,0.00969415624130132,0,65.59,NA,NA,NA,NA,NA
"theta[5]-theta[28]",0.0127339480261833,0.0127094270185755,0.0122809983051051,20000,0.95,0.00384201262895645,0.0214804944167393,0,99.77,NA,NA,NA,NA,NA
"theta[5]-theta[29]",0.0199290782227186,0.0199089893578093,0.0200136046044747,20408.7,0.95,0.0109499666684499,0.029130218717731,0,100,NA,NA,NA,NA,NA
"theta[5]-theta[30]",-0.00552686867651193,-0.00550268890842642,-0.00520456396465129,20000,0.95,-0.0139008928607817,0.00228890797850845,0,8.995,NA,NA,NA,NA,NA
"theta[5]-theta[31]",-0.0025235511246661,-0.00255346071948892,-0.00217524963522953,23472.4,0.95,-0.0124966164183548,0.00726223835904216,0,30.325,NA,NA,NA,NA,NA
"theta[6]-theta[7]",-0.00770709602905136,-0.00768696174471672,-0.0073653066977215,20000,0.95,-0.015330273414237,-0.000664146091611251,0,1.85,NA,NA,NA,NA,NA
"theta[6]-theta[8]",0.000461743160376671,0.000469639028293611,0.0005605341215511,20000,0.95,-0.00712519557370006,0.00793568372985654,0,54.635,NA,NA,NA,NA,NA
"theta[6]-theta[9]",0.0104229484618481,0.0104371066514155,0.0106317071957113,20842.1,0.95,0.00240509784227927,0.0183315811071916,0,99.43,NA,NA,NA,NA,NA
"theta[6]-theta[10]",0.00449238608190452,0.00448369761574546,0.00453577179924388,20000,0.95,-0.00377906960884911,0.0123843394627724,0,86.415,NA,NA,NA,NA,NA
"theta[6]-theta[11]",0.00669481007741231,0.00668146750232584,0.00688914326243868,20507.7,0.95,-0.00160007479845581,0.0150356859821003,0,94.325,NA,NA,NA,NA,NA
"theta[6]-theta[12]",0.00474260819264106,0.00472343601166075,0.00467441564476123,20423.6,0.95,-0.00325591284309434,0.0129029516784442,0,87.535,NA,NA,NA,NA,NA
"theta[6]-theta[13]",0.0123210778683492,0.0122954955468036,0.0121089812768098,20000,0.95,0.00392793018190862,0.0209794128315857,0,99.77,NA,NA,NA,NA,NA
"theta[6]-theta[14]",0.0156189626838018,0.0156200765477228,0.0154359968294883,20000,0.95,0.00717425415567297,0.0242664512883953,0,99.98,NA,NA,NA,NA,NA
"theta[6]-theta[15]",0.0174726278931353,0.0174579951474051,0.0174984242653128,20000,0.95,0.00930314524449782,0.0258514999500257,0,99.995,NA,NA,NA,NA,NA
"theta[6]-theta[16]",0.00398049046155065,0.00395890509869723,0.00394722883482631,20729.4,0.95,-0.00417732264740589,0.0120449344791351,0,83.445,NA,NA,NA,NA,NA
"theta[6]-theta[17]",0.00634041120912733,0.00631489186724304,0.00592750728725098,20948.9,0.95,-0.00150189281162849,0.014769020241272,0,94.035,NA,NA,NA,NA,NA
"theta[6]-theta[18]",-0.00331835645935062,-0.00332416694133147,-0.00371977781445085,17824.1,0.95,-0.0109932325461236,0.00400208181838901,0,19.31,NA,NA,NA,NA,NA
"theta[6]-theta[19]",0.00716302607287295,0.0071498581607094,0.00670240540200885,20000,0.95,-0.000663432954831844,0.0149047062019397,0,96.35,NA,NA,NA,NA,NA
"theta[6]-theta[20]",0.0238236844289629,0.02383479765941,0.0241934907874165,20576.5,0.95,0.0152589937860294,0.0321381920616477,0,100,NA,NA,NA,NA,NA
"theta[6]-theta[21]",0.0194402957575726,0.0194528315971097,0.0193986787933191,20501.3,0.95,0.0106202772945745,0.0279333435263244,0,100,NA,NA,NA,NA,NA
"theta[6]-theta[22]",-0.00307532789200566,-0.00309578343027483,-0.00334550666496349,20439.9,0.95,-0.0103921892738936,0.00453864857718966,0,21.075,NA,NA,NA,NA,NA
"theta[6]-theta[23]",0.00580798747143361,0.00577809578795224,0.0052211746102693,20499.4,0.95,-0.00195707175884119,0.0138889368660133,0,92.495,NA,NA,NA,NA,NA
"theta[6]-theta[24]",0.000759724272758783,0.000767710001908894,0.00085107414624017,21258.1,0.95,-0.00697157483418742,0.00895728535898754,0,57.635,NA,NA,NA,NA,NA
"theta[6]-theta[25]",0.017516988871456,0.0175605161552899,0.0177821003253211,19507.4,0.95,0.00852071940078925,0.0268621170928308,0,99.985,NA,NA,NA,NA,NA
"theta[6]-theta[26]",0.0121156781522967,0.012104013146991,0.0121328441587531,19530.2,0.95,0.00370399603284666,0.0206124952600342,0,99.765,NA,NA,NA,NA,NA
"theta[6]-theta[27]",0.0050881797481774,0.00511793065083416,0.00534666526007495,20000,0.95,-0.00265840527559091,0.0134428376672868,0,89.19,NA,NA,NA,NA,NA
"theta[6]-theta[28]",0.0161303946683675,0.016113540927793,0.0154546642669733,20000,0.95,0.00782430387101907,0.0248259797905492,0,99.99,NA,NA,NA,NA,NA
"theta[6]-theta[29]",0.0233255248649028,0.023298634717042,0.023268509668452,20000,0.95,0.0142181767502969,0.0320806374767374,0,100,NA,NA,NA,NA,NA
"theta[6]-theta[30]",-0.00213042203432771,-0.00212325292883014,-0.00190908608448826,19965.3,0.95,-0.00988621195450057,0.0059000541176536,0,30.14,NA,NA,NA,NA,NA
"theta[6]-theta[31]",0.000872895517518116,0.000791132704653252,0.000497325952119057,20898.7,0.95,-0.00859966652493149,0.0109611176533879,0,56.275,NA,NA,NA,NA,NA
"theta[7]-theta[8]",0.00816883918942803,0.00816364313823986,0.0080048422449259,20000,0.95,0.00102180249512318,0.0151628644746581,0,98.93,NA,NA,NA,NA,NA
"theta[7]-theta[9]",0.0181300444908995,0.0181093265285088,0.0185434476600732,20000,0.95,0.0104743892921576,0.0255819569231307,0,99.995,NA,NA,NA,NA,NA
"theta[7]-theta[10]",0.0121994821109559,0.0121737121184465,0.0124139389126702,20000,0.95,0.0046310193129796,0.0198896752016217,0,99.88,NA,NA,NA,NA,NA
"theta[7]-theta[11]",0.0144019061064637,0.0143838370429907,0.014328061863092,20000,0.95,0.0064272394723176,0.0220597632287615,0,99.995,NA,NA,NA,NA,NA
"theta[7]-theta[12]",0.0124497042216924,0.012454290237396,0.0127006076377176,20000,0.95,0.00499931998899861,0.0201123471237885,0,99.935,NA,NA,NA,NA,NA
"theta[7]-theta[13]",0.0200281738974006,0.0200112546307623,0.0198738554344417,20000,0.95,0.0119592949518863,0.0280573479753043,0,100,NA,NA,NA,NA,NA
"theta[7]-theta[14]",0.0233260587128531,0.023280134834707,0.0230478152213863,20000,0.95,0.0153227124063784,0.0315264403571118,0,100,NA,NA,NA,NA,NA
"theta[7]-theta[15]",0.0251797239221866,0.0251764693293354,0.0254133207044993,20000,0.95,0.0175325316603999,0.0330435407252754,0,100,NA,NA,NA,NA,NA
"theta[7]-theta[16]",0.011687586490602,0.0116689388400264,0.0122025677191308,20000,0.95,0.00409121010390956,0.0193279566155578,0,99.875,NA,NA,NA,NA,NA
"theta[7]-theta[17]",0.0140475072381787,0.0140006573431088,0.0136695200010771,20000,0.95,0.00643893374766047,0.0217312148914813,0,99.985,NA,NA,NA,NA,NA
"theta[7]-theta[18]",0.00438873956970074,0.00438292053765388,0.00447670407459273,19973.6,0.95,-0.0024651866462676,0.0114862487980056,0,89.305,NA,NA,NA,NA,NA
"theta[7]-theta[19]",0.0148701221019243,0.0148523633967212,0.0147827184242489,19380.1,0.95,0.0076174397379547,0.0220672306510094,0,100,NA,NA,NA,NA,NA
"theta[7]-theta[20]",0.0315307804580143,0.0315309887194942,0.0315989263710148,20000,0.95,0.0237302272420439,0.0396878918676029,0,100,NA,NA,NA,NA,NA
"theta[7]-theta[21]",0.0271473917866239,0.0271520878238612,0.0273718081934919,19654.6,0.95,0.0189741035437002,0.0355333882097362,0,100,NA,NA,NA,NA,NA
"theta[7]-theta[22]",0.0046317681370457,0.00461978464369095,0.004478069571134,20000,0.95,-0.00217536793116291,0.0118652973486311,0,90.35,NA,NA,NA,NA,NA
"theta[7]-theta[23]",0.013515083500485,0.0135346386085202,0.0137149184174024,20000,0.95,0.00620158022810469,0.0212287364639628,0,99.955,NA,NA,NA,NA,NA
"theta[7]-theta[24]",0.00846682030181014,0.00843612076212641,0.00832632344172451,20000,0.95,0.000856550179236026,0.0160624957138504,0,98.54,NA,NA,NA,NA,NA
"theta[7]-theta[25]",0.0252240849005073,0.0252186977824694,0.0249280568268103,20194.3,0.95,0.0163408565337601,0.0337085210383437,0,100,NA,NA,NA,NA,NA
"theta[7]-theta[26]",0.019822774181348,0.019806996516544,0.019922722210813,19320.6,0.95,0.0114742120087621,0.0275028197468785,0,100,NA,NA,NA,NA,NA
"theta[7]-theta[27]",0.0127952757772288,0.0127998372642423,0.0132321810278678,20000,0.95,0.0052936030320766,0.0205095579061143,0,99.925,NA,NA,NA,NA,NA
"theta[7]-theta[28]",0.0238374906974189,0.0238274931177631,0.0236874471859363,20000,0.95,0.0155983676350276,0.0319124231925423,0,100,NA,NA,NA,NA,NA
"theta[7]-theta[29]",0.0310326208939541,0.0310009691879101,0.0297965213172051,20000,0.95,0.0222968931472742,0.0392525579799105,0,100,NA,NA,NA,NA,NA
"theta[7]-theta[30]",0.00557667399472365,0.00552977664886978,0.00504112050574072,20000,0.95,-0.00179127240363341,0.0130706928427535,0,93.2,NA,NA,NA,NA,NA
"theta[7]-theta[31]",0.00857999154656948,0.00845990905000293,0.00810618843197756,20929.3,0.95,-0.000600096326745958,0.0182145617843188,0,96.745,NA,NA,NA,NA,NA
"theta[8]-theta[9]",0.00996120530147145,0.00993605610787629,0.0102984746224917,19926.5,0.95,0.0021008996476195,0.0178881930773896,0,99.42,NA,NA,NA,NA,NA
"theta[8]-theta[10]",0.00403064292152785,0.00402767230549117,0.00383855085240222,20000,0.95,-0.00361755568312438,0.0123198703026951,0,84.005,NA,NA,NA,NA,NA
"theta[8]-theta[11]",0.00623306691703564,0.00622470546757359,0.00664978698685151,20000,0.95,-0.00181317326460284,0.0143650297001677,0,93.49,NA,NA,NA,NA,NA
"theta[8]-theta[12]",0.00428086503226438,0.00430530533911511,0.00452137625789148,20000,0.95,-0.0036889893953439,0.0119806799282218,0,85.555,NA,NA,NA,NA,NA
"theta[8]-theta[13]",0.0118593347079725,0.0118637470358731,0.0121721439327469,19195.2,0.95,0.00355701288853361,0.0201032958479288,0,99.785,NA,NA,NA,NA,NA
"theta[8]-theta[14]",0.0151572195234251,0.0150957929565252,0.0149541550043885,20000,0.95,0.00677400733303402,0.0235175689708391,0,99.98,NA,NA,NA,NA,NA
"theta[8]-theta[15]",0.0170108847327586,0.0170035232616516,0.0163476049166291,20000,0.95,0.00901085249093925,0.0251752375136441,0,99.99,NA,NA,NA,NA,NA
"theta[8]-theta[16]",0.00351874730117398,0.00351339299930947,0.0040718637449555,20000,0.95,-0.00457862233266348,0.0112494781087338,0,80.965,NA,NA,NA,NA,NA
"theta[8]-theta[17]",0.00587866804875066,0.00588232315422965,0.00626572292773855,19365,0.95,-0.00238482564117337,0.0134112909632425,0,92.49,NA,NA,NA,NA,NA
"theta[8]-theta[18]",-0.00378009961972729,-0.00374936004050375,-0.00346542186754124,20000,0.95,-0.0111570784131718,0.00331435881305342,0,15.325,NA,NA,NA,NA,NA
"theta[8]-theta[19]",0.00670128291249628,0.00671368255730309,0.0067294232844906,19552.8,0.95,-0.000777587456866069,0.0143264589214389,0,95.795,NA,NA,NA,NA,NA
"theta[8]-theta[20]",0.0233619412685862,0.0233329090890613,0.0232637566698798,20000,0.95,0.0152369923682246,0.0317377138653665,0,100,NA,NA,NA,NA,NA
"theta[8]-theta[21]",0.0189785525971959,0.0189585914597475,0.0188533315147517,19777.2,0.95,0.0103143286831432,0.0272856899855101,0,100,NA,NA,NA,NA,NA
"theta[8]-theta[22]",-0.00353707105238233,-0.0035426362891165,-0.00375336561294312,20538.4,0.95,-0.0107868093244363,0.00381596157597663,0,17.29,NA,NA,NA,NA,NA
"theta[8]-theta[23]",0.00534624431105693,0.00532870854413819,0.00530414850224066,20000,0.95,-0.00266125523845739,0.0130309476143511,0,91.105,NA,NA,NA,NA,NA
"theta[8]-theta[24]",0.000297981112382112,0.000246886893854326,0.000162083986956094,20000,0.95,-0.00763228546343031,0.00797667143578495,0,52.745,NA,NA,NA,NA,NA
"theta[8]-theta[25]",0.0170552457110793,0.017046023299872,0.0170967216561333,19451.5,0.95,0.0080534212182326,0.0259272869946101,0,99.99,NA,NA,NA,NA,NA
"theta[8]-theta[26]",0.01165393499192,0.0116084300698909,0.0112964684589162,20000,0.95,0.00327849007208325,0.0197865631327614,0,99.745,NA,NA,NA,NA,NA
"theta[8]-theta[27]",0.00462643658780073,0.00460783183452262,0.0045605731419678,20000,0.95,-0.00311568996915956,0.012405287602045,0,87.645,NA,NA,NA,NA,NA
"theta[8]-theta[28]",0.0156686515079908,0.0156655106096209,0.0156413174200681,20000,0.95,0.00713737639326928,0.0240779588950936,0,99.98,NA,NA,NA,NA,NA
"theta[8]-theta[29]",0.0228637817045261,0.0228437379861983,0.0230666652552239,20000,0.95,0.0136609135935966,0.0312409631882912,0,100,NA,NA,NA,NA,NA
"theta[8]-theta[30]",-0.00259216519470438,-0.00259518260275682,-0.00246891352599056,20000,0.95,-0.0103394039212731,0.00494180582282766,0,25.38,NA,NA,NA,NA,NA
"theta[8]-theta[31]",0.000411152357141445,0.000338785492850879,0.000614366566652664,20000,0.95,-0.00899015263764313,0.0101379868310107,0,52.865,NA,NA,NA,NA,NA
"theta[9]-theta[10]",-0.00593056237994359,-0.00589816598590348,-0.00552230612476813,19402.7,0.95,-0.0144316628963523,0.00234309315985703,0,7.97,NA,NA,NA,NA,NA
"theta[9]-theta[11]",-0.00372813838443581,-0.0037416075839482,-0.00426770596114481,20000,0.95,-0.0122071794768412,0.00486559101495854,0,19.985,NA,NA,NA,NA,NA
"theta[9]-theta[12]",-0.00568034026920706,-0.0056785618114043,-0.00551842243216937,20000,0.95,-0.0139680686871588,0.0027480985461229,0,9.03,NA,NA,NA,NA,NA
"theta[9]-theta[13]",0.0018981294065011,0.00186181199180319,0.00145465152087768,20000,0.95,-0.00692055996394247,0.010519166325073,0,66.415,NA,NA,NA,NA,NA
"theta[9]-theta[14]",0.00519601422195367,0.00519054861885654,0.00526945635272116,20449,0.95,-0.00337689538420827,0.0142077323924154,0,87.855,NA,NA,NA,NA,NA
"theta[9]-theta[15]",0.00704967943128716,0.00704371817381105,0.0066057422771297,20000,0.95,-0.00146884181056972,0.0155590850120993,0,94.93,NA,NA,NA,NA,NA
"theta[9]-theta[16]",-0.00644245800029746,-0.00643069605044905,-0.00612942515649269,20000,0.95,-0.0148107232627196,0.00186546772817431,0,6.57,NA,NA,NA,NA,NA
"theta[9]-theta[17]",-0.00408253725272079,-0.00407243212596758,-0.004251080749336,20142.2,0.95,-0.0122194207303705,0.00441916994830327,0,16.9,NA,NA,NA,NA,NA
"theta[9]-theta[18]",-0.0137413049211987,-0.013732163877285,-0.0144812162295874,20000,0.95,-0.021384342440309,-0.00579506530445484,0,0.015,NA,NA,NA,NA,NA
"theta[9]-theta[19]",-0.00325992238897517,-0.00324292175391311,-0.00316413514294379,21330.1,0.95,-0.0112806032502888,0.00487383474338365,0,21.505,NA,NA,NA,NA,NA
"theta[9]-theta[20]",0.0134007359671148,0.0134128105639901,0.0136399711520328,19934,0.95,0.00430615332682749,0.0217495792205311,0,99.905,NA,NA,NA,NA,NA
"theta[9]-theta[21]",0.00901734729572445,0.00897778223523676,0.00838835229011236,20000,0.95,0.00034793119265597,0.018118997254724,0,97.62,NA,NA,NA,NA,NA
"theta[9]-theta[22]",-0.0134982763538538,-0.0134663400170342,-0.0132238419111162,20174.2,0.95,-0.0211538894418095,-0.00558804288734405,0,0.05,NA,NA,NA,NA,NA
"theta[9]-theta[23]",-0.00461496099041451,-0.00461233296022001,-0.00433657529689778,20000,0.95,-0.0128594096782676,0.00363667477806762,0,13.425,NA,NA,NA,NA,NA
"theta[9]-theta[24]",-0.00966322418908933,-0.00967338835467069,-0.0101961191837513,20867.3,0.95,-0.0176216388686642,-0.000865690823978915,0,1.16,NA,NA,NA,NA,NA
"theta[9]-theta[25]",0.00709404040960785,0.00709993194751563,0.00704940758050437,19682.1,0.95,-0.00207110319657167,0.0166145342198067,0,93.42,NA,NA,NA,NA,NA
"theta[9]-theta[26]",0.00169272969044856,0.00164440827623186,0.000990886065159676,20000,0.95,-0.0070480661739486,0.0103658244740635,0,64.645,NA,NA,NA,NA,NA
"theta[9]-theta[27]",-0.00533476871367072,-0.00532972027503731,-0.00518234296433765,19528.4,0.95,-0.0136067945358235,0.00313998450755826,0,10.19,NA,NA,NA,NA,NA
"theta[9]-theta[28]",0.00570744620651938,0.00570787040416654,0.00517311313069131,20000,0.95,-0.00340049376065721,0.0144297513764171,0,89.665,NA,NA,NA,NA,NA
"theta[9]-theta[29]",0.0129025764030547,0.0128749854697428,0.0120899801290877,20000,0.95,0.00404645380791835,0.0223203363412195,0,99.705,NA,NA,NA,NA,NA
"theta[9]-theta[30]",-0.0125533704961758,-0.0125255413145294,-0.0122863110577965,20000,0.95,-0.0208158347551667,-0.00445291983758866,0,0.12,NA,NA,NA,NA,NA
"theta[9]-theta[31]",-0.00955005294433,-0.00960841199926588,-0.00904531863726134,20000,0.95,-0.0193883813407464,0.000568388639754724,0,3.49,NA,NA,NA,NA,NA
"theta[10]-theta[11]",0.00220242399550778,0.00222001185988008,0.00273001535928937,20000,0.95,-0.00641781393621033,0.0109217214170285,0,69.22,NA,NA,NA,NA,NA
"theta[10]-theta[12]",0.000250222110736531,0.000212705754981335,0.000352962642928275,20000,0.95,-0.00807248549619821,0.00873255800293615,0,52.1,NA,NA,NA,NA,NA
"theta[10]-theta[13]",0.00782869178644469,0.00782455382713515,0.00767437921724491,20000,0.95,-0.000866413453806336,0.0165397160773965,0,96.045,NA,NA,NA,NA,NA
"theta[10]-theta[14]",0.0111265766018973,0.0110993229304357,0.0108888271706649,20000,0.95,0.00238926894251978,0.0201834871224402,0,99.38,NA,NA,NA,NA,NA
"theta[10]-theta[15]",0.0129802418112308,0.0129823860958451,0.0130812017201363,20000,0.95,0.00463429063927012,0.0216423995728658,0,99.815,NA,NA,NA,NA,NA
"theta[10]-theta[16]",-0.00051189562035387,-0.00056396366035355,-0.00100412382134959,20000,0.95,-0.00893490371581951,0.00788820867051654,0,44.835,NA,NA,NA,NA,NA
"theta[10]-theta[17]",0.0018480251272228,0.00182471800429818,0.00149292534146887,20000,0.95,-0.00646570790542833,0.0104053774090481,0,66.65,NA,NA,NA,NA,NA
"theta[10]-theta[18]",-0.00781074254125514,-0.00780365525042703,-0.00782965053362947,20000,0.95,-0.0155618659380424,0.000104624729921121,0,2.52,NA,NA,NA,NA,NA
"theta[10]-theta[19]",0.00267063999096842,0.00269735134210786,0.00271170482283343,20000,0.95,-0.00566530650075914,0.0105208502190602,0,74.115,NA,NA,NA,NA,NA
"theta[10]-theta[20]",0.0193312983470584,0.0193735107436241,0.0199108182338288,20000,0.95,0.010553141088367,0.0281514213458451,0,100,NA,NA,NA,NA,NA
"theta[10]-theta[21]",0.014947909675668,0.0149738613308048,0.0147613509611085,20000,0.95,0.0059607057497415,0.0237483305154589,0,99.95,NA,NA,NA,NA,NA
"theta[10]-theta[22]",-0.00756771397391018,-0.00754532436669469,-0.00726278291981937,20000,0.95,-0.0156858692406148,0.000190011431745685,0,3.055,NA,NA,NA,NA,NA
"theta[10]-theta[23]",0.00131560138952908,0.00132106056872289,0.00154791954803164,20000,0.95,-0.00692656929103419,0.0096071474552275,0,62.11,NA,NA,NA,NA,NA
"theta[10]-theta[24]",-0.00373266180914574,-0.00373761763896069,-0.00395768126847095,20000,0.95,-0.0119826498127601,0.00458767107711933,0,18.945,NA,NA,NA,NA,NA
"theta[10]-theta[25]",0.0130246027895514,0.0130344446959472,0.0132692849966496,19524,0.95,0.0035856577635206,0.0224824085073468,0,99.63,NA,NA,NA,NA,NA
"theta[10]-theta[26]",0.00762329207039216,0.00764274038039042,0.0079293316999825,20000,0.95,-0.00115286168337414,0.0164714945207697,0,95.545,NA,NA,NA,NA,NA
"theta[10]-theta[27]",0.000595793666272875,0.00065155231907521,0.000638446322326985,20000,0.95,-0.00777132666980118,0.00900803445361831,0,55.97,NA,NA,NA,NA,NA
"theta[10]-theta[28]",0.011638008586463,0.0116311830196394,0.0117015529692757,20000,0.95,0.00303941180631073,0.0210607161766633,0,99.495,NA,NA,NA,NA,NA
"theta[10]-theta[29]",0.0188331387829983,0.0188137231190579,0.0193006981730492,20000,0.95,0.00936509288550869,0.0280033880667545,0,99.99,NA,NA,NA,NA,NA
"theta[10]-theta[30]",-0.00662280811623223,-0.00661705513059163,-0.00583652515154852,20000,0.95,-0.0152512528620312,0.00138270451157496,0,5.9,NA,NA,NA,NA,NA
"theta[10]-theta[31]",-0.00361949056438641,-0.00372489680783178,-0.0041214552166247,20830.7,0.95,-0.0136600218418541,0.00653781720556479,0,23.63,NA,NA,NA,NA,NA
"theta[11]-theta[12]",-0.00195220188477125,-0.00199537597795924,-0.00235493457683171,20000,0.95,-0.0106072647872383,0.00653373007519831,0,32.46,NA,NA,NA,NA,NA
"theta[11]-theta[13]",0.00562626779093691,0.00563701548641438,0.00558210937071713,20876,0.95,-0.00298567017885731,0.0148506226047362,0,89.115,NA,NA,NA,NA,NA
"theta[11]-theta[14]",0.00892415260638948,0.00889209369974786,0.00858525093030613,20544.5,0.95,5.89480074165705e-05,0.01787999025705,0,97.46,NA,NA,NA,NA,NA
"theta[11]-theta[15]",0.010777817815723,0.0107771862671011,0.0104346303361864,20877.7,0.95,0.00222703781875189,0.0197277060879372,0,99.09,NA,NA,NA,NA,NA
"theta[11]-theta[16]",-0.00271431961586165,-0.00270494095356139,-0.00332454267206911,20437.6,0.95,-0.011082721379262,0.00612517750100006,0,26.755,NA,NA,NA,NA,NA
"theta[11]-theta[17]",-0.00035439886828498,-0.000339036042875718,-0.000324693678611286,20000,0.95,-0.00893308487664257,0.00819986644705406,0,46.805,NA,NA,NA,NA,NA
"theta[11]-theta[18]",-0.0100131665367629,-0.0100270360978202,-0.0104260131685319,20454.3,0.95,-0.0179587762551227,-0.00185713821981071,0,0.785,NA,NA,NA,NA,NA
"theta[11]-theta[19]",0.000468215995460639,0.000512697716858801,0.000854646303315835,20000,0.95,-0.00764942636898969,0.00883119037668745,0,54.96,NA,NA,NA,NA,NA
"theta[11]-theta[20]",0.0171288743515506,0.0171554450682102,0.0173788608157443,20643,0.95,0.00767988407555187,0.0256002758736426,0,99.995,NA,NA,NA,NA,NA
"theta[11]-theta[21]",0.0127454856801603,0.0127838833640143,0.0130686676165872,19964.9,0.95,0.00377446233501,0.0219445400115357,0,99.595,NA,NA,NA,NA,NA
"theta[11]-theta[22]",-0.00977013796941796,-0.00972741482105527,-0.00956232976504163,20000,0.95,-0.0179169164434047,-0.00176491278280266,0,0.855,NA,NA,NA,NA,NA
"theta[11]-theta[23]",-0.000886822605978701,-0.000888833284656665,-0.000837250181307543,20000,0.95,-0.00935821334451215,0.00766926165163295,0,41.685,NA,NA,NA,NA,NA
"theta[11]-theta[24]",-0.00593508580465352,-0.00594371712770719,-0.00637875093652596,20000,0.95,-0.014373139096009,0.00259082329343285,0,8.675,NA,NA,NA,NA,NA
"theta[11]-theta[25]",0.0108221787940437,0.0107868613896527,0.0103613396690832,20000,0.95,0.00134615131320426,0.0203546915675927,0,98.625,NA,NA,NA,NA,NA
"theta[11]-theta[26]",0.00542086807488437,0.00544306914827003,0.00522384100074402,20655.3,0.95,-0.00340658857396747,0.0144549481258593,0,87.965,NA,NA,NA,NA,NA
"theta[11]-theta[27]",-0.00160663032923491,-0.00154653266297317,-0.00102421115640483,20000,0.95,-0.010415967678273,0.00664108622154913,0,35.975,NA,NA,NA,NA,NA
"theta[11]-theta[28]",0.00943558459095519,0.00943474494498087,0.00950248645555067,20000,0.95,0.000309941206588116,0.0183117278231981,0,97.95,NA,NA,NA,NA,NA
"theta[11]-theta[29]",0.0166307147874905,0.0166706808065742,0.0173756438839193,20000,0.95,0.00732389419780066,0.0257786544524837,0,99.96,NA,NA,NA,NA,NA
"theta[11]-theta[30]",-0.00882523211174002,-0.00880346165999923,-0.00853228708652018,20435.5,0.95,-0.0171843606002934,-0.000547370746595943,0,1.925,NA,NA,NA,NA,NA
"theta[11]-theta[31]",-0.00582191455989419,-0.00591159792572948,-0.00672370742375213,20000,0.95,-0.0157316748438089,0.00443623011401362,0,13.07,NA,NA,NA,NA,NA
"theta[12]-theta[13]",0.00757846967570816,0.00752608831545354,0.00737184037614884,20000,0.95,-0.00119518509656735,0.0161545755945118,0,95.595,NA,NA,NA,NA,NA
"theta[12]-theta[14]",0.0108763544911607,0.0108545909791245,0.0111464624190568,20000,0.95,0.00227949485099421,0.0199755067906222,0,99.28,NA,NA,NA,NA,NA
"theta[12]-theta[15]",0.0127300197004942,0.0127563063728329,0.0130743971555493,21416.6,0.95,0.00421073404628491,0.0212685156738669,0,99.8,NA,NA,NA,NA,NA
"theta[12]-theta[16]",-0.000762117731090402,-0.000790236277766254,-0.00124970815785151,20000,0.95,-0.00928729622483071,0.00733424816234352,0,42.95,NA,NA,NA,NA,NA
"theta[12]-theta[17]",0.00159780301648627,0.00161518944196942,0.00195179639356553,20000,0.95,-0.00695640161378908,0.00982599676818086,0,64.41,NA,NA,NA,NA,NA
"theta[12]-theta[18]",-0.00806096465199167,-0.00810134794032119,-0.00890043266268598,20000,0.95,-0.0159527112628056,-0.000461875075433715,0,2.045,NA,NA,NA,NA,NA
"theta[12]-theta[19]",0.00242041788023189,0.00241718886484038,0.00206197658789491,20000,0.95,-0.00577026830889671,0.0103330746849675,0,72.45,NA,NA,NA,NA,NA
"theta[12]-theta[20]",0.0190810762363219,0.0190872636095068,0.0188419788149461,20000,0.95,0.0103189820538659,0.0276959396256865,0,100,NA,NA,NA,NA,NA
"theta[12]-theta[21]",0.0146976875649315,0.0146319365257713,0.0139321732212629,20431,0.95,0.00570214337538355,0.0235462009134436,0,99.92,NA,NA,NA,NA,NA
"theta[12]-theta[22]",-0.00781793608464671,-0.00779232465133411,-0.00748157892893158,20000,0.95,-0.0155482423661103,0.000126310411500685,0,2.46,NA,NA,NA,NA,NA
"theta[12]-theta[23]",0.00106537927879255,0.00103879706101678,0.000935047719935991,20000,0.95,-0.00718948301207956,0.00914244098787353,0,59.985,NA,NA,NA,NA,NA
"theta[12]-theta[24]",-0.00398288391988227,-0.00398395065515261,-0.0040256951691371,20413.7,0.95,-0.0121577658942928,0.00454959181941683,0,17.45,NA,NA,NA,NA,NA
"theta[12]-theta[25]",0.0127743806788149,0.0127745828072838,0.0129014081134049,20000,0.95,0.00312666719714705,0.0220241891409926,0,99.645,NA,NA,NA,NA,NA
"theta[12]-theta[26]",0.00737306995965563,0.00737378717846982,0.00782055189804767,20000,0.95,-0.0016086012383022,0.0159245653488965,0,95.065,NA,NA,NA,NA,NA
"theta[12]-theta[27]",0.000345571555536344,0.000360361290682454,0.000608202644332541,20000,0.95,-0.00809850451549998,0.00861173092555034,0,53.265,NA,NA,NA,NA,NA
"theta[12]-theta[28]",0.0113877864757264,0.0114052602255625,0.0115209267431295,20000,0.95,0.00260262840777647,0.0201470748321551,0,99.44,NA,NA,NA,NA,NA
"theta[12]-theta[29]",0.0185829166722617,0.0185649045399588,0.0180999339184362,20000,0.95,0.00884150214512935,0.0273860850611557,0,99.995,NA,NA,NA,NA,NA
"theta[12]-theta[30]",-0.00687303022696876,-0.00687811716470543,-0.00674120557420518,20000,0.95,-0.0149947529893455,0.00135232694906084,0,5.09,NA,NA,NA,NA,NA
"theta[12]-theta[31]",-0.00386971267512294,-0.00392074637164264,-0.00352696215804613,21931.4,0.95,-0.0136126167815022,0.00646579112697709,0,22.385,NA,NA,NA,NA,NA
"theta[13]-theta[14]",0.00329788481545257,0.00327923353495524,0.00319730799446513,20000,0.95,-0.00578911582186326,0.0123676978251122,0,75.94,NA,NA,NA,NA,NA
"theta[13]-theta[15]",0.00515155002478606,0.00518351663865729,0.0051025771866128,20000,0.95,-0.00374832616386511,0.0140513552551805,0,87.245,NA,NA,NA,NA,NA
"theta[13]-theta[16]",-0.00834058740679856,-0.00834068996263909,-0.00874495612941585,20443.8,0.95,-0.0170055803788631,0.00045370186079452,0,2.99,NA,NA,NA,NA,NA
"theta[13]-theta[17]",-0.00598066665922189,-0.00597380810933013,-0.00598671378713945,20000,0.95,-0.0149118802329755,0.00256544306874529,0,8.99,NA,NA,NA,NA,NA
"theta[13]-theta[18]",-0.0156394343276998,-0.0156365885919509,-0.0159047042792012,20000,0.95,-0.0240367601210593,-0.00770360193809461,0,0.01,NA,NA,NA,NA,NA
"theta[13]-theta[19]",-0.00515805179547627,-0.00514145996445503,-0.00498966989460155,20000,0.95,-0.0138224379390117,0.00307993982305366,0,11.405,NA,NA,NA,NA,NA
"theta[13]-theta[20]",0.0115026065606137,0.0115015379085621,0.0108763037095208,20000,0.95,0.00250116388463573,0.0207533039583411,0,99.38,NA,NA,NA,NA,NA
"theta[13]-theta[21]",0.00711921788922335,0.00715010264142052,0.0080450532221086,20471,0.95,-0.00230071686199573,0.0161857968319006,0,93.235,NA,NA,NA,NA,NA
"theta[13]-theta[22]",-0.0153964057603549,-0.0154121620508057,-0.0159598710557425,20000,0.95,-0.0233181404923777,-0.00693616685456977,0,0.01,NA,NA,NA,NA,NA
"theta[13]-theta[23]",-0.00651309039691561,-0.00651910590005644,-0.00631541316646208,20000,0.95,-0.0148629450157074,0.00225602140562853,0,7.055,NA,NA,NA,NA,NA
"theta[13]-theta[24]",-0.0115613535955904,-0.0115816051348909,-0.0116554687982053,20000,0.95,-0.0202051902752187,-0.00270018214518697,0,0.445,NA,NA,NA,NA,NA
"theta[13]-theta[25]",0.00519591100310675,0.0051950408795588,0.00515064291153409,19604.2,0.95,-0.00458017774840902,0.0146271809714791,0,85.42,NA,NA,NA,NA,NA
"theta[13]-theta[26]",-0.000205399716052533,-0.000205880425962535,-0.00039296582965841,20000,0.95,-0.00939837941366217,0.00887000252164627,0,48.165,NA,NA,NA,NA,NA
"theta[13]-theta[27]",-0.00723289812017181,-0.00729644828071407,-0.00823690351638689,20000,0.95,-0.0157362770670288,0.00150980688192026,0,5.13,NA,NA,NA,NA,NA
"theta[13]-theta[28]",0.00380931680001829,0.00381397459735139,0.00449359369555256,20000,0.95,-0.0052355158131413,0.0131353813327519,0,78.78,NA,NA,NA,NA,NA
"theta[13]-theta[29]",0.0110044469965536,0.0109877735788578,0.010100839476319,20000,0.95,0.00145660118574797,0.020467285883406,0,98.925,NA,NA,NA,NA,NA
"theta[13]-theta[30]",-0.0144514999026769,-0.0144533229356815,-0.0141827872192549,20000,0.95,-0.0228205504676882,-0.00579751238937287,0,0.04,NA,NA,NA,NA,NA
"theta[13]-theta[31]",-0.0114481823508311,-0.0115086863248068,-0.0116482490753691,20000,0.95,-0.021530235995197,-0.000902228060150612,0,1.715,NA,NA,NA,NA,NA
"theta[14]-theta[15]",0.00185366520933349,0.00188801502354302,0.00181413773919117,20000,0.95,-0.00713866099931992,0.0109889939367999,0,66.33,NA,NA,NA,NA,NA
"theta[14]-theta[16]",-0.0116384722222511,-0.0115951967114732,-0.0112881662978749,20000,0.95,-0.0205291886086334,-0.00302162662115757,0,0.37,NA,NA,NA,NA,NA
"theta[14]-theta[17]",-0.00927855147467446,-0.00927053791037541,-0.00909625210269598,20000,0.95,-0.0187304238320897,-0.000943036645729811,0,1.99,NA,NA,NA,NA,NA
"theta[14]-theta[18]",-0.0189373191431524,-0.0189349790107925,-0.0192459982931349,20000,0.95,-0.0271849782688093,-0.0104685971960237,0,0,NA,NA,NA,NA,NA
"theta[14]-theta[19]",-0.00845593661092884,-0.00840934616755712,-0.00798521743000557,20000,0.95,-0.0170316365324769,-8.10459794675644e-06,0,2.54,NA,NA,NA,NA,NA
"theta[14]-theta[20]",0.00820472174516112,0.00820591280009297,0.007921844525033,20000,0.95,-0.00105801787908122,0.017149779798176,0,95.965,NA,NA,NA,NA,NA
"theta[14]-theta[21]",0.00382133307377078,0.0038184566107054,0.00390315411394192,20455.6,0.95,-0.00572588208526004,0.0131781824462283,0,78.84,NA,NA,NA,NA,NA
"theta[14]-theta[22]",-0.0186942905758074,-0.0186467898271137,-0.0179989368261349,20000,0.95,-0.0269908706868192,-0.0102636603829662,0,0,NA,NA,NA,NA,NA
"theta[14]-theta[23]",-0.00981097521236818,-0.00978109992454756,-0.00954293123946331,20000,0.95,-0.0185719508103771,-0.00121140292131749,0,1.34,NA,NA,NA,NA,NA
"theta[14]-theta[24]",-0.014859238411043,-0.0148492770293949,-0.0148098572338911,20000,0.95,-0.0235351117242716,-0.00618011047591116,0,0.04,NA,NA,NA,NA,NA
"theta[14]-theta[25]",0.00189802618765418,0.00192759638897466,0.00245238252296219,20318,0.95,-0.00775644395997355,0.0116245299665839,0,64.98,NA,NA,NA,NA,NA
"theta[14]-theta[26]",-0.00350328453150511,-0.00353878328075929,-0.00437852169363857,19340.3,0.95,-0.0125874690745875,0.0057423025259411,0,22.73,NA,NA,NA,NA,NA
"theta[14]-theta[27]",-0.0105307829356244,-0.0105348901315639,-0.0108724994373515,20000,0.95,-0.0192540815586418,-0.00170619916518167,0,0.935,NA,NA,NA,NA,NA
"theta[14]-theta[28]",0.000511431984565714,0.000516704916416533,0.000572326827557888,20000,0.95,-0.00878912024539824,0.00965634279513938,0,54.445,NA,NA,NA,NA,NA
"theta[14]-theta[29]",0.00770656218110099,0.0077014825014583,0.00807089229653295,20498.7,0.95,-0.00189089838181267,0.0172243535698603,0,94.33,NA,NA,NA,NA,NA
"theta[14]-theta[30]",-0.0177493847181295,-0.0177454737663351,-0.0177047727286972,20000,0.95,-0.0264838189901758,-0.00948009497037128,0,0,NA,NA,NA,NA,NA
"theta[14]-theta[31]",-0.0147460671662837,-0.0148228762467476,-0.0150878478797691,20000,0.95,-0.0249911459039065,-0.00401530102814995,0,0.335,NA,NA,NA,NA,NA
"theta[15]-theta[16]",-0.0134921374315846,-0.0134890284377242,-0.0138045745251696,20000,0.95,-0.0221281255902351,-0.00513501146260209,0,0.085,NA,NA,NA,NA,NA
"theta[15]-theta[17]",-0.0111322166840079,-0.0111159078376273,-0.0111792957369788,20000,0.95,-0.0196611254165068,-0.00255228941635322,0,0.45,NA,NA,NA,NA,NA
"theta[15]-theta[18]",-0.0207909843524859,-0.0207874413502898,-0.0208237099701892,20000,0.95,-0.0289073569071764,-0.0129161117920954,0,0,NA,NA,NA,NA,NA
"theta[15]-theta[19]",-0.0103096018202623,-0.0102786973204905,-0.0102352229882973,20000,0.95,-0.0185616804091234,-0.00221210939484084,0,0.7,NA,NA,NA,NA,NA
"theta[15]-theta[20]",0.00635105653582763,0.0063393685109579,0.00639873902339912,20000,0.95,-0.00260508514357216,0.0150212287173109,0,91.88,NA,NA,NA,NA,NA
"theta[15]-theta[21]",0.00196766786443729,0.001973960889115,0.00259100260163373,20000,0.95,-0.0069267038203279,0.0110822483242743,0,66.51,NA,NA,NA,NA,NA
"theta[15]-theta[22]",-0.0205479557851409,-0.0205212739464116,-0.0204851849050611,20000,0.95,-0.0283773288131464,-0.0125135396088288,0,0,NA,NA,NA,NA,NA
"theta[15]-theta[23]",-0.0116646404217017,-0.0116684391984937,-0.0110353945488528,20000,0.95,-0.0199059354064928,-0.00326141964358428,0,0.29,NA,NA,NA,NA,NA
"theta[15]-theta[24]",-0.0167129036203765,-0.016725137828022,-0.0170517785523713,20000,0.95,-0.0251935397608127,-0.0082201236789351,0,0.005,NA,NA,NA,NA,NA
"theta[15]-theta[25]",4.43609783206927e-05,1.89978703319937e-05,-0.000448794608191711,20000,0.95,-0.00942446028728727,0.00964065614093601,0,50.195,NA,NA,NA,NA,NA
"theta[15]-theta[26]",-0.0053569497408386,-0.005334531500091,-0.00514176816448243,20303,0.95,-0.013954203792678,0.00370993524287033,0,11.535,NA,NA,NA,NA,NA
"theta[15]-theta[27]",-0.0123844481449579,-0.0123742327491284,-0.0121600865272329,20000,0.95,-0.0209751175755724,-0.00393938186368836,0,0.24,NA,NA,NA,NA,NA
"theta[15]-theta[28]",-0.00134223322476778,-0.00135967986058139,-0.00138772790975769,20000,0.95,-0.0103706460378092,0.00770019014186674,0,38.39,NA,NA,NA,NA,NA
"theta[15]-theta[29]",0.00585289697176751,0.0058692599082405,0.0068308598864302,20000,0.95,-0.00369460857065729,0.0149385454997215,0,89.195,NA,NA,NA,NA,NA
"theta[15]-theta[30]",-0.019603049927463,-0.0196378698288301,-0.0200974255064035,20000,0.95,-0.0277649653708335,-0.0111821389159804,0,0,NA,NA,NA,NA,NA
"theta[15]-theta[31]",-0.0165997323756172,-0.0166660157018091,-0.0165163836115408,20815.7,0.95,-0.0266308904322148,-0.0063248227790611,0,0.145,NA,NA,NA,NA,NA
"theta[16]-theta[17]",0.00235992074757667,0.0023686222532221,0.00258995466732804,20519.3,0.95,-0.00596038381481467,0.0105768860418904,0,70.88,NA,NA,NA,NA,NA
"theta[16]-theta[18]",-0.00729884692090127,-0.00731620801722738,-0.00774981847250004,20000,0.95,-0.0151331826171657,0.000399990044674281,0,3.265,NA,NA,NA,NA,NA
"theta[16]-theta[19]",0.00318253561132229,0.00315426379981543,0.00288249767125438,20000,0.95,-0.00500145388447382,0.0112772024157641,0,77.945,NA,NA,NA,NA,NA
"theta[16]-theta[20]",0.0198431939674123,0.0198336833364462,0.0200474227505231,20521.1,0.95,0.0111073811470606,0.0285667072908298,0,100,NA,NA,NA,NA,NA
"theta[16]-theta[21]",0.0154598052960219,0.0155113632428436,0.0157743188410811,20456.1,0.95,0.00651110509213804,0.0242422392238779,0,99.995,NA,NA,NA,NA,NA
"theta[16]-theta[22]",-0.00705581835355631,-0.00707291424027012,-0.00780850861174185,19395.5,0.95,-0.0147602019514792,0.000944923531842057,0,3.84,NA,NA,NA,NA,NA
"theta[16]-theta[23]",0.00182749700988295,0.00183394914235552,0.00169911693633066,20000,0.95,-0.0064748465467297,0.0101134656041059,0,66.89,NA,NA,NA,NA,NA
"theta[16]-theta[24]",-0.00322076618879187,-0.00323727476355162,-0.00351085901542721,20565.8,0.95,-0.0113664794773143,0.00503839388388683,0,22.11,NA,NA,NA,NA,NA
"theta[16]-theta[25]",0.0135364984099053,0.0135510600368284,0.0143838025636783,20000,0.95,0.00410428961180154,0.0227257014603582,0,99.765,NA,NA,NA,NA,NA
"theta[16]-theta[26]",0.00813518769074603,0.00813482062496829,0.00790506689001602,18225.4,0.95,-0.00062684671252955,0.0168192776864506,0,96.55,NA,NA,NA,NA,NA
"theta[16]-theta[27]",0.00110768928662675,0.00111269568886541,0.00115012779333766,20000,0.95,-0.00735639633730012,0.00929517944750025,0,60.3,NA,NA,NA,NA,NA
"theta[16]-theta[28]",0.0121499042068168,0.0121290448934742,0.0115593749699578,20000,0.95,0.00344462967971071,0.0211774578741897,0,99.63,NA,NA,NA,NA,NA
"theta[16]-theta[29]",0.0193450344033521,0.0193805348630624,0.0198676184167029,20000,0.95,0.010361559229361,0.0287040416649214,0,100,NA,NA,NA,NA,NA
"theta[16]-theta[30]",-0.00611091249587836,-0.00608791670125475,-0.00605644801514757,20468.2,0.95,-0.0143414352079753,0.00190557910019951,0,6.915,NA,NA,NA,NA,NA
"theta[16]-theta[31]",-0.00310759494403254,-0.00316554255135909,-0.00331541876555069,20000,0.95,-0.0130552924542869,0.00691109460115202,0,27.24,NA,NA,NA,NA,NA
"theta[17]-theta[18]",-0.00965876766847795,-0.0096270405775572,-0.00952734351574385,20000,0.95,-0.0175696082875684,-0.00211275940708455,0,0.725,NA,NA,NA,NA,NA
"theta[17]-theta[19]",0.00082261486374562,0.000836870718272986,0.000599273079111291,20916.2,0.95,-0.00716545123151213,0.00889722858602604,0,58.165,NA,NA,NA,NA,NA
"theta[17]-theta[20]",0.0174832732198356,0.0174800770787766,0.0176485799473323,20000,0.95,0.0089519972296197,0.0264015355144144,0,99.985,NA,NA,NA,NA,NA
"theta[17]-theta[21]",0.0130998845484452,0.0130910796227976,0.0123027659311331,20533.6,0.95,0.00428084040125276,0.0220618494679625,0,99.785,NA,NA,NA,NA,NA
"theta[17]-theta[22]",-0.00941573910113298,-0.00939754667938059,-0.00937793246284577,19865.9,0.95,-0.0170251326727988,-0.00143789014126194,0,0.825,NA,NA,NA,NA,NA
"theta[17]-theta[23]",-0.000532423737693721,-0.000521948669956696,-0.000273170817211853,20000,0.95,-0.00908435637580784,0.00748079212020436,0,44.92,NA,NA,NA,NA,NA
"theta[17]-theta[24]",-0.00558068693636854,-0.00556790982290839,-0.0055109967463067,20000,0.95,-0.0138891207604838,0.00266141355562388,0,9.38,NA,NA,NA,NA,NA
"theta[17]-theta[25]",0.0111765776623286,0.0111891070374481,0.0112088321206305,20000,0.95,0.00182677196169334,0.0204089317043145,0,99.04,NA,NA,NA,NA,NA
"theta[17]-theta[26]",0.00577526694316935,0.00577844240957726,0.00570424856323838,20323.6,0.95,-0.00292578804384502,0.0144626562147046,0,90.44,NA,NA,NA,NA,NA
"theta[17]-theta[27]",-0.00125223146094993,-0.0012535753865911,-0.00127218475346292,20000,0.95,-0.00961737865181334,0.00696416580560566,0,38.61,NA,NA,NA,NA,NA
"theta[17]-theta[28]",0.00978998345924017,0.00976929251313741,0.00954772939728563,20000,0.95,0.000895761259584349,0.018654277645255,0,98.565,NA,NA,NA,NA,NA
"theta[17]-theta[29]",0.0169851136557755,0.0169265343567975,0.0162121499897039,20000,0.95,0.0076799403933816,0.0260677343048247,0,99.985,NA,NA,NA,NA,NA
"theta[17]-theta[30]",-0.00847083324345504,-0.00846696184852613,-0.00801728447562808,20658.4,0.95,-0.016651518337448,-0.000309560006692799,0,2.18,NA,NA,NA,NA,NA
"theta[17]-theta[31]",-0.00546751569160921,-0.00556399951235886,-0.00625480653596982,20000,0.95,-0.0160704695494797,0.00414901323514927,0,14.205,NA,NA,NA,NA,NA
"theta[18]-theta[19]",0.0104813825322236,0.0104829470661899,0.0107795450204796,20000,0.95,0.00302079239039554,0.0178130097019571,0,99.68,NA,NA,NA,NA,NA
"theta[18]-theta[20]",0.0271420408883135,0.0271285215398518,0.0272390752986967,20000,0.95,0.0190262582354539,0.0354459432206652,0,100,NA,NA,NA,NA,NA
"theta[18]-theta[21]",0.0227586522169232,0.0227576203914182,0.0232187233502035,20530.9,0.95,0.0141859221461424,0.0310803324900734,0,100,NA,NA,NA,NA,NA
"theta[18]-theta[22]",0.000243028567344962,0.000285016814971506,0.000584538780370618,20000,0.95,-0.00701375676294957,0.00739295348426461,0,53.025,NA,NA,NA,NA,NA
"theta[18]-theta[23]",0.00912634393078423,0.00909692997573713,0.00886997728094168,20000,0.95,0.00141019462352476,0.0165954755391708,0,99.06,NA,NA,NA,NA,NA
"theta[18]-theta[24]",0.0040780807321094,0.00409087823949461,0.00464090904390877,20613.3,0.95,-0.00365980757520923,0.0116972426418228,0,84.76,NA,NA,NA,NA,NA
"theta[18]-theta[25]",0.0208353453308066,0.0208229478460974,0.0206761688465022,18963.7,0.95,0.0122008268336663,0.0297560225265048,0,100,NA,NA,NA,NA,NA
"theta[18]-theta[26]",0.0154340346116473,0.015465571977375,0.015696550629109,20408,0.95,0.00724502793832116,0.0236079882924404,0,100,NA,NA,NA,NA,NA
"theta[18]-theta[27]",0.00840653620752802,0.00839043346134438,0.00842627826368757,20000,0.95,0.000916509059534332,0.0164113553699052,0,98.22,NA,NA,NA,NA,NA
"theta[18]-theta[28]",0.0194487511277181,0.0194211414576921,0.0191146119168361,20000,0.95,0.0109262907400516,0.0276152580091603,0,100,NA,NA,NA,NA,NA
"theta[18]-theta[29]",0.0266438813242534,0.0266191422686693,0.0263251782301393,20000,0.95,0.0181674732880593,0.0356012849118559,0,100,NA,NA,NA,NA,NA
"theta[18]-theta[30]",0.00118793442502291,0.00114554704261249,0.00100851880271231,20099.9,0.95,-0.00631797617481344,0.00876552317592083,0,62.01,NA,NA,NA,NA,NA
"theta[18]-theta[31]",0.00419125197686874,0.00408486487737625,0.00484151590272916,20000,0.95,-0.00507955845528718,0.0140153914479074,0,80.415,NA,NA,NA,NA,NA
"theta[19]-theta[20]",0.01666065835609,0.0166321289478732,0.0164327747347817,20503.1,0.95,0.00829838346631917,0.0250231123010121,0,99.99,NA,NA,NA,NA,NA
"theta[19]-theta[21]",0.0122772696846996,0.0122357003962035,0.0119238178025067,20344.2,0.95,0.00355154942613245,0.0208193571677526,0,99.785,NA,NA,NA,NA,NA
"theta[19]-theta[22]",-0.0102383539648786,-0.0102135592436446,-0.0101482250881798,20000,0.95,-0.0177884334757236,-0.00274713668190829,0,0.4,NA,NA,NA,NA,NA
"theta[19]-theta[23]",-0.00135503860143934,-0.00137835075779086,-0.00188098707847089,20000,0.95,-0.00931961938994275,0.00642075496828098,0,36.54,NA,NA,NA,NA,NA
"theta[19]-theta[24]",-0.00640330180011416,-0.00641013543548619,-0.0063553618663152,20000,0.95,-0.0143016893829402,0.00160507742044647,0,5.895,NA,NA,NA,NA,NA
"theta[19]-theta[25]",0.010353962798583,0.0103567888223722,0.0105693113351989,19384,0.95,0.0014222580488702,0.0195653485873747,0,98.755,NA,NA,NA,NA,NA
"theta[19]-theta[26]",0.00495265207942373,0.00493294382906556,0.00529002900050125,20000,0.95,-0.00360380795508863,0.0133047795336297,0,87.42,NA,NA,NA,NA,NA
"theta[19]-theta[27]",-0.00207484632469555,-0.00206292477345238,-0.00194897719125309,20000,0.95,-0.0100678374371447,0.00589710709533042,0,30.41,NA,NA,NA,NA,NA
"theta[19]-theta[28]",0.00896736859549455,0.00894175619117726,0.00840277264560963,20000,0.95,0.000275035271296797,0.0174169424187145,0,98.005,NA,NA,NA,NA,NA
"theta[19]-theta[29]",0.0161624987920298,0.0161508239789782,0.015654883553039,20000,0.95,0.00710524278593583,0.0248937766412499,0,99.97,NA,NA,NA,NA,NA
"theta[19]-theta[30]",-0.00929344810720066,-0.00930326026260464,-0.00904436039791461,20000,0.95,-0.0169571554849827,-0.00104094165811119,0,1.225,NA,NA,NA,NA,NA
"theta[19]-theta[31]",-0.00629013055535483,-0.00634037374497209,-0.00620447508473191,20000,0.95,-0.0161406216223933,0.0034980516234443,0,10.47,NA,NA,NA,NA,NA
"theta[20]-theta[21]",-0.00438338867139034,-0.00438503947744279,-0.00396244013304137,20939.9,0.95,-0.0138160981185809,0.00454572485780691,0,17.41,NA,NA,NA,NA,NA
"theta[20]-theta[22]",-0.0268990123209686,-0.0268751910168006,-0.0267373263633455,20000,0.95,-0.0350030540867592,-0.0186086256900152,0,0,NA,NA,NA,NA,NA
"theta[20]-theta[23]",-0.0180156969575293,-0.0180120141653346,-0.0177445823898365,20504,0.95,-0.0266938725405128,-0.00956074464665169,0,0,NA,NA,NA,NA,NA
"theta[20]-theta[24]",-0.0230639601562041,-0.0230397159526903,-0.0230673919086127,20000,0.95,-0.0317719129452159,-0.0142998503392888,0,0,NA,NA,NA,NA,NA
"theta[20]-theta[25]",-0.00630669555750694,-0.00629510376010672,-0.00644640507146272,20977.9,0.95,-0.0160938399295681,0.00308311866259314,0,10.015,NA,NA,NA,NA,NA
"theta[20]-theta[26]",-0.0117080062766662,-0.0117159217804867,-0.0118713221646177,20000,0.95,-0.020941983510959,-0.0028073091882872,0,0.55,NA,NA,NA,NA,NA
"theta[20]-theta[27]",-0.0187355046807855,-0.0187174403377355,-0.0188831975180614,20000,0.95,-0.027415486822544,-0.00996988301955937,0,0,NA,NA,NA,NA,NA
"theta[20]-theta[28]",-0.00769328976059541,-0.00773750764134823,-0.00780935453873671,20000,0.95,-0.0169474827943383,0.00168977168803786,0,5.295,NA,NA,NA,NA,NA
"theta[20]-theta[29]",-0.000498159564060128,-0.000491529650968159,-0.000323618326347221,20000,0.95,-0.0102734042188116,0.00882935388806105,0,45.835,NA,NA,NA,NA,NA
"theta[20]-theta[30]",-0.0259541064632906,-0.0259773451622479,-0.0261398833237531,20498.2,0.95,-0.0343948217751469,-0.0173597500239067,0,0,NA,NA,NA,NA,NA
"theta[20]-theta[31]",-0.0229507889114448,-0.0230696310283587,-0.0236306053976418,20000,0.95,-0.0328549763597153,-0.0122870809042458,0,0,NA,NA,NA,NA,NA
"theta[21]-theta[22]",-0.0225156236495782,-0.0224956705848891,-0.0220858287622137,20755.9,0.95,-0.0311433622506453,-0.0141720072997846,0,0,NA,NA,NA,NA,NA
"theta[21]-theta[23]",-0.013632308286139,-0.0136229383632603,-0.0138942467062123,20744.3,0.95,-0.0224033830338197,-0.00476247342233505,0,0.095,NA,NA,NA,NA,NA
"theta[21]-theta[24]",-0.0186805714848138,-0.0186829413019193,-0.0187956805584935,21079.5,0.95,-0.0275591567452557,-0.00986940282146287,0,0,NA,NA,NA,NA,NA
"theta[21]-theta[25]",-0.0019233068861166,-0.00193002103813933,-0.0014909664654903,20933.2,0.95,-0.0119091015425626,0.00774705375502516,0,35.015,NA,NA,NA,NA,NA
"theta[21]-theta[26]",-0.00732461760527589,-0.00735223212671166,-0.00715887451089272,20000,0.95,-0.016535737854029,0.00198395231302528,0,5.885,NA,NA,NA,NA,NA
"theta[21]-theta[27]",-0.0143521160093952,-0.0142957745697523,-0.0135231352859449,20000,0.95,-0.0231422908011667,-0.005404098972982,0,0.06,NA,NA,NA,NA,NA
"theta[21]-theta[28]",-0.00330990108920507,-0.00331919113726409,-0.00359770545349819,20727.4,0.95,-0.0127631288122689,0.00590403819027041,0,24.185,NA,NA,NA,NA,NA
"theta[21]-theta[29]",0.00388522910733022,0.00388080112821948,0.00382583261265989,19773.5,0.95,-0.00624819851155811,0.0131442730823802,0,78.45,NA,NA,NA,NA,NA
"theta[21]-theta[30]",-0.0215707177919003,-0.0215668088740314,-0.0214832890853832,20677.9,0.95,-0.0303324175355301,-0.0129242281979474,0,0,NA,NA,NA,NA,NA
"theta[21]-theta[31]",-0.0185674002400544,-0.0186164882223934,-0.0186772126068332,19991.5,0.95,-0.0291827577821332,-0.00826257624161542,0,0.02,NA,NA,NA,NA,NA
"theta[22]-theta[23]",0.00888331536343926,0.0088804287149446,0.00926064672763835,20000,0.95,0.00140915579831791,0.016760969590517,0,98.865,NA,NA,NA,NA,NA
"theta[22]-theta[24]",0.00383505216476444,0.00383562839112339,0.00442425537486311,20470.6,0.95,-0.003946257983795,0.0115785977058411,0,83.395,NA,NA,NA,NA,NA
"theta[22]-theta[25]",0.0205923167634616,0.0205977755260828,0.0204262411589317,20000,0.95,0.0116476035791198,0.0294238951195831,0,100,NA,NA,NA,NA,NA
"theta[22]-theta[26]",0.0151910060443023,0.0151597738981612,0.0147784369415765,18503.5,0.95,0.00704415833388639,0.0235146173063001,0,99.995,NA,NA,NA,NA,NA
"theta[22]-theta[27]",0.00816350764018306,0.00814015401971724,0.00781477071347971,20000,0.95,0.000473964645935965,0.0161357711879803,0,97.995,NA,NA,NA,NA,NA
"theta[22]-theta[28]",0.0192057225603732,0.0191817179668118,0.0188681739546176,20000,0.95,0.0111166702089137,0.0278847559418083,0,100,NA,NA,NA,NA,NA
"theta[22]-theta[29]",0.0264008527569084,0.0263915983923305,0.0264761467193888,18661,0.95,0.0176534131907885,0.035161755793306,0,100,NA,NA,NA,NA,NA
"theta[22]-theta[30]",0.000944905857677948,0.000915335995087641,0.000818953732166181,20000,0.95,-0.00669425760326448,0.00864638088120462,0,59.41,NA,NA,NA,NA,NA
"theta[22]-theta[31]",0.00394822340952377,0.00384499575831437,0.00376134797709719,20722,0.95,-0.00543514950111623,0.0138432932034174,0,78.685,NA,NA,NA,NA,NA
"theta[23]-theta[24]",-0.00504826319867482,-0.00506935360730704,-0.00496309675852197,20424.6,0.95,-0.0134926198378307,0.00288971537548433,0,11.535,NA,NA,NA,NA,NA
"theta[23]-theta[25]",0.0117090014000224,0.0117235134606164,0.0123213976559785,20435.5,0.95,0.00219442015290716,0.0206390686416041,0,99.32,NA,NA,NA,NA,NA
"theta[23]-theta[26]",0.00630769068086308,0.00626511198356472,0.00587122626616991,19523.2,0.95,-0.00215101509667526,0.0150915954336226,0,92.435,NA,NA,NA,NA,NA
"theta[23]-theta[27]",-0.000719807723256206,-0.000719279783982507,-0.000312795190551791,20000,0.95,-0.00889852015235859,0.00754548560517831,0,43.22,NA,NA,NA,NA,NA
"theta[23]-theta[28]",0.0103224071969339,0.0102953324844433,0.010246021980639,20000,0.95,0.00166286756964928,0.0191545868026872,0,98.935,NA,NA,NA,NA,NA
"theta[23]-theta[29]",0.0175175373934692,0.0174968451160023,0.0173221607725742,20000,0.95,0.00857385528065435,0.0267372587345791,0,99.99,NA,NA,NA,NA,NA
"theta[23]-theta[30]",-0.00793840950576132,-0.00796781479824021,-0.00807369896386678,20000,0.95,-0.0159403963877706,4.54497102547746e-05,0,2.625,NA,NA,NA,NA,NA
"theta[23]-theta[31]",-0.00493509195391549,-0.00503557473294669,-0.00512828872282217,20000,0.95,-0.0149396637858026,0.00489051323623835,0,16.745,NA,NA,NA,NA,NA
"theta[24]-theta[25]",0.0167572645986972,0.0167530597820202,0.0167210608304506,19568.4,0.95,0.00738671044208916,0.025985623206307,0,99.98,NA,NA,NA,NA,NA
"theta[24]-theta[26]",0.0113559538795379,0.0113678454376637,0.0118331814697825,20000,0.95,0.00287521958458137,0.0202115490787977,0,99.51,NA,NA,NA,NA,NA
"theta[24]-theta[27]",0.00432845547541862,0.00432751012642907,0.00363933034689911,20000,0.95,-0.0042553757378696,0.0122805994862215,0,85.02,NA,NA,NA,NA,NA
"theta[24]-theta[28]",0.0153706703956087,0.0153787258318861,0.0149753822250937,21521.3,0.95,0.00627346234406556,0.0240704558131437,0,99.97,NA,NA,NA,NA,NA
"theta[24]-theta[29]",0.022565800592144,0.0225731948731615,0.0231218518722631,20000,0.95,0.0136479166833599,0.031734147844511,0,100,NA,NA,NA,NA,NA
"theta[24]-theta[30]",-0.00289014630708649,-0.00290778332464298,-0.0029880616726079,20000,0.95,-0.0104965107915338,0.0058680909433968,0,24.095,NA,NA,NA,NA,NA
"theta[24]-theta[31]",0.000113171244759333,2.74379212253928e-05,-5.2305795634304e-06,20462.4,0.95,-0.00964721206519403,0.0102415533133702,0,50.24,NA,NA,NA,NA,NA
"theta[25]-theta[26]",-0.00540131071915929,-0.00542476803986808,-0.00564359799000862,19250.4,0.95,-0.0151955205951838,0.00428637755152261,0,13.7,NA,NA,NA,NA,NA
"theta[25]-theta[27]",-0.0124288091232786,-0.0123856149336036,-0.011532142069139,19368.1,0.95,-0.021849485543884,-0.00324869714235387,0,0.4,NA,NA,NA,NA,NA
"theta[25]-theta[28]",-0.00138659420308847,-0.00139735296070653,-0.00122561645802371,20000,0.95,-0.0114497995091425,0.00820221657651621,0,38.71,NA,NA,NA,NA,NA
"theta[25]-theta[29]",0.00580853599344681,0.00581626206493735,0.00564942901976935,20000,0.95,-0.00447739387350787,0.0157795113665753,0,86.79,NA,NA,NA,NA,NA
"theta[25]-theta[30]",-0.0196474109057837,-0.0196686095328688,-0.019723557752075,20017.2,0.95,-0.0285552231595155,-0.0102288747285995,0,0,NA,NA,NA,NA,NA
"theta[25]-theta[31]",-0.0166440933539379,-0.0167471638237687,-0.0171181351565924,20000,0.95,-0.0277992741302178,-0.00597610399034643,0,0.185,NA,NA,NA,NA,NA
"theta[26]-theta[27]",-0.00702749840411928,-0.0070196508501722,-0.00680811504038152,19555.5,0.95,-0.01589967676268,0.00154960329248099,0,5.79,NA,NA,NA,NA,NA
"theta[26]-theta[28]",0.00401471651607082,0.00403987784394921,0.0040873372619443,20000,0.95,-0.00551999324341912,0.013043761240923,0,80.3,NA,NA,NA,NA,NA
"theta[26]-theta[29]",0.0112098467126061,0.0112017369607066,0.011407193644124,20000,0.95,0.00185899599582851,0.0208201272225871,0,98.96,NA,NA,NA,NA,NA
"theta[26]-theta[30]",-0.0142461001866244,-0.0142778684764593,-0.0149423759545548,20000,0.95,-0.0228690290005079,-0.00565190062595722,0,0.07,NA,NA,NA,NA,NA
"theta[26]-theta[31]",-0.0112427826347786,-0.011273749708026,-0.0115869336322262,20000,0.95,-0.0215054962967157,-0.0009158219169213,0,1.915,NA,NA,NA,NA,NA
"theta[27]-theta[28]",0.0110422149201901,0.0110592370714362,0.0110970201643163,19335.5,0.95,0.00251232710466442,0.0200909290916379,0,99.25,NA,NA,NA,NA,NA
"theta[27]-theta[29]",0.0182373451167254,0.0182053170881244,0.0180661191631256,20000,0.95,0.00897053713038787,0.0272063777985599,0,99.995,NA,NA,NA,NA,NA
"theta[27]-theta[30]",-0.00721860178250511,-0.00724644059789742,-0.00765568536674709,20000,0.95,-0.014901182601738,0.00135123561518857,0,4.215,NA,NA,NA,NA,NA
"theta[27]-theta[31]",-0.00421528423065928,-0.00428177740860147,-0.00412247578872425,20000,0.95,-0.014278067518748,0.00578647847050384,0,20.155,NA,NA,NA,NA,NA
"theta[28]-theta[29]",0.00719513019653528,0.00716926291651948,0.00669335997006223,20000,0.95,-0.0022309673083265,0.0170221369747079,0,92.97,NA,NA,NA,NA,NA
"theta[28]-theta[30]",-0.0182608167026952,-0.0182679983143273,-0.0181750131442624,20000,0.95,-0.0270366043602766,-0.00956983523812016,0,0,NA,NA,NA,NA,NA
"theta[28]-theta[31]",-0.0152574991508494,-0.0152845615557111,-0.015504252535677,20000,0.95,-0.0257064591269732,-0.00477283307952403,0,0.255,NA,NA,NA,NA,NA
"theta[29]-theta[30]",-0.0254559468992305,-0.0254601454720348,-0.0253649984914337,20000,0.95,-0.0340526355839881,-0.0160217068204176,0,0,NA,NA,NA,NA,NA
"theta[29]-theta[31]",-0.0224526293473847,-0.0224703080385001,-0.0224226093948568,20000,0.95,-0.0332152924478419,-0.0115731927242907,0,0,NA,NA,NA,NA,NA
"theta[30]-theta[31]",0.00300331755184583,0.00290942415050405,0.00221490239296547,20000,0.95,-0.00662179133189156,0.0131530502313683,0,72.185,NA,NA,NA,NA,NA
